"DTor-timestamp","DTor-acceleration","PTor-timestamp","PTor-acceleration",,"DTal-timestamp","DTal-acceleration","PTal-timestamp","PTal-acceleration","operationApplied",
"0.0","0.0","0.0","0.0"," ","0.0","0.0","-","-","Deletion"
"0.1","0.0","0.099","0.004905"," ","0.1","0.0","-","-","Deletion"
"0.2","0.0","0.199","0.00981"," ","0.2","0.0","-","-","Deletion"
"0.3","0.0","0.297","-0.023544"," ","0.3","0.0","-","-","Deletion"
"0.4","0.0","0.397","-0.014715"," ","0.4","0.0","-","-","Deletion"
"0.5","0.0","0.494","-0.004905"," ","0.5","0.0","-","-","Deletion"
"0.6","0.0","0.593","0.0"," ","0.6","0.0","-","-","Deletion"
"0.7","0.0","0.692","-0.00981"," ","0.7","0.0","-","-","Deletion"
"0.8","0.0","0.791","0.023544"," ","0.8","0.0","-","-","Deletion"
"0.9","0.0","0.89","-0.014715"," ","0.9","0.0","-","-","Deletion"
"1.0","0.0","0.988","0.004905"," ","1.0","0.0","-","-","Deletion"
"1.1","0.0","1.088","0.014715"," ","1.1","0.0","-","-","Deletion"
"1.2","0.0","1.188","0.0"," ","1.2","0.0","-","-","Deletion"
"1.3","0.0","1.285","0.014715"," ","1.3","0.0","-","-","Deletion"
"1.4","0.0","1.388","0.00981"," ","1.4","0.0","-","-","Deletion"
"1.5","0.0","1.483","0.0"," ","1.5","0.0","-","-","Deletion"
"1.6","0.0","1.594","-0.004905"," ","1.6","0.0","-","-","Deletion"
"1.7","0.0","1.681","0.00981"," ","1.7","0.0","-","-","Deletion"
"1.8","0.0","1.796","-0.004905"," ","1.8","0.0","-","-","Deletion"
"1.9","0.0","1.878","0.004905"," ","1.9","0.0","-","-","Deletion"
"2.0","0.0","2.015","0.004905"," ","2.0","0.0","-","-","Deletion"
"2.1","0.0","2.076","0.004905"," ","2.1","0.0","-","-","Deletion"
"2.2","0.0","2.175","-0.004905"," ","2.2","0.0","-","-","Deletion"
"2.3","0.0","2.274","-0.004905"," ","2.3","0.0","-","-","Deletion"
"2.4","0.0","2.373","-0.004905"," ","2.4","0.0","-","-","Deletion"
"2.5","0.0","2.471","-0.057879"," ","2.5","0.0","-","-","Deletion"
"2.6","0.0","2.607","-0.143226"," ","2.6","0.0","-","-","Deletion"
"2.7","0.0","2.669","-0.325692"," ","2.7","0.0","-","-","Deletion"
"2.8","0.0","2.769","-0.426735"," ","2.8","0.0","-","-","Deletion"
"2.9","0.0","2.867","-0.483633"," ","2.9","0.0","-","-","Deletion"
"3.0","0.0","2.966","-0.579771"," ","3.0","0.0","-","-","Deletion"
"3.1","0.0","3.065","-0.732807"," ","3.1","0.0","-","-","Deletion"
"3.2","0.0","3.164","-0.756351"," ","3.2","0.0","-","-","Deletion"
"3.3","0.0","3.262","-0.747522"," ","3.3","0.0","-","-","Deletion"
"3.4","0.0","3.362","-0.709263"," ","3.4","0.0","-","-","Deletion"
"3.5","0.0","3.46","-0.722997"," ","3.5","0.0","-","-","Deletion"
"3.6","0.0","3.559","-0.699453"," ","3.6","0.0","-","-","Deletion"
"3.7","0.0","3.658","-0.689643"," ","3.7","0.0","-","-","Deletion"
"3.8","0.0","3.757","-0.671004"," ","3.8","0.0","-","-","Deletion"
"3.9","0.0","3.856","-0.671004"," ","3.9","0.0","-","-","Deletion"
"4.0","0.0","3.955","-0.531702"," ","4.0","0.0","-","-","Deletion"
"4.1","0.0","4.054","-0.473823"," ","4.1","0.0","-","-","Deletion"
"4.2","0.0","4.153","-0.335502"," ","4.2","0.0","-","-","Deletion"
"4.3","0.0","4.266","-0.258984"," ","4.3","0.0","-","-","Deletion"
"4.4","0.0","4.352","-0.119682"," ","4.4","0.0","-","-","Deletion"
"4.5","0.0","4.456","-0.076518"," ","4.5","0.0","-","-","Deletion"
"4.6","0.0","4.548","0.014715"," ","4.6","0.0","-","-","Deletion"
"4.7","0.0","4.647","0.0"," ","4.7","0.0","-","-","Deletion"
"4.8","0.0","4.745","0.038259"," ","4.8","0.0","-","-","Deletion"
"4.9","0.0","4.844","0.0"," ","4.9","0.0","-","-","Deletion"
"5.0","0.0","4.943","0.00981"," ","5.0","0.0","-","-","Deletion"
"5.1","0.0","5.057","-0.033354"," ","5.1","0.0","-","-","Deletion"
"5.2","0.0","5.141","-0.004905"," ","5.2","0.0","-","-","Deletion"
"5.3","0.0","5.259","0.038259"," ","5.3","0.0","-","-","Deletion"
"5.4","0.0","5.339","-0.00981"," ","5.4","0.0","-","-","Deletion"
"5.5","0.0","5.438","-0.043164"," ","5.5","0.0","-","-","Deletion"
"5.6","0.0","5.537","-0.048069"," ","5.6","0.0","-","-","Deletion"
"5.7","0.0","5.635","-0.00981"," ","5.7","0.0","-","-","Deletion"
"5.8","0.0","5.735","-0.004905"," ","5.8","0.0","-","-","Deletion"
"5.9","0.0","5.834","-0.033354"," ","5.9","0.0","-","-","Deletion"
"6.0","0.0","5.932","-0.028449"," ","6.0","0.0","-","-","Deletion"
"6.1","0.0","6.03","0.004905"," ","6.1","0.0","-","-","Deletion"
"6.2","0.0","6.13","-0.043164"," ","6.2","0.0","-","-","Deletion"
"6.3","0.0","6.256","-0.028449"," ","6.3","0.0","-","-","Deletion"
"6.4","0.0","6.327","-0.00981"," ","6.4","0.0","-","-","Deletion"
"6.5","0.0","6.426","-0.01962"," ","6.5","0.0","-","-","Deletion"
"6.6","0.0","6.525","-0.014715"," ","6.6","0.0","-","-","Deletion"
"6.7","0.0","6.645","0.01962"," ","6.7","0.0","-","-","Deletion"
"6.8","0.0","6.723","0.004905"," ","6.8","0.0","-","-","Deletion"
"6.9","0.0","6.862","0.023544"," ","6.9","0.0","-","-","Deletion"
"7.0","0.0","6.921","0.038259"," ","7.0","0.0","-","-","Deletion"
"7.1","0.0","7.02","-0.01962"," ","7.1","0.0","-","-","Deletion"
"7.2","0.0","7.118","0.076518"," ","7.2","0.0","-","-","Deletion"
"7.3","0.0","7.218","-0.004905"," ","7.3","0.0","-","-","Deletion"
"7.4","0.0","7.317","0.0"," ","7.4","0.0","-","-","Deletion"
"7.5","0.0","7.415","-0.043164"," ","7.5","0.0","-","-","Deletion"
"7.6","0.0","7.519","0.071613"," ","7.6","0.0","-","-","Deletion"
"7.7","0.0","7.613","-0.057879"," ","7.7","0.0","-","-","Deletion"
"7.8","0.0","7.711","0.066708"," ","7.8","0.0","-","-","Deletion"
"7.9","0.0","7.811","0.0"," ","7.9","0.0","-","-","Deletion"
"8.0","0.0","7.909","-0.004905"," ","8.0","0.0","-","-","Deletion"
"8.1","0.0","8.008","0.023544"," ","8.1","0.0","-","-","Deletion"
"8.2","0.0","8.123","-0.004905"," ","8.2","0.0","-","-","Deletion"
"8.3","0.0","8.206","0.00981"," ","8.3","0.0","-","-","Deletion"
"8.4","0.0","8.305","-0.028449"," ","8.4","0.0","-","-","Deletion"
"8.5","0.0","8.404","0.00981"," ","8.5","0.0","-","-","Deletion"
"8.6","0.0","8.51","-0.004905"," ","8.6","0.0","-","-","Deletion"
"8.7","0.0","8.602","0.004905"," ","8.7","0.0","-","-","Deletion"
"8.8","0.0","8.745","-0.061803"," ","8.8","0.0","-","-","Deletion"
"8.9","0.0","8.799","0.043164"," ","8.9","0.0","-","-","Deletion"
"9.0","0.0","8.917","-0.043164"," ","9.0","0.0","-","-","Deletion"
"9.1","0.0","8.997","0.052974"," ","9.1","0.0","-","-","Deletion"
"9.2","0.0","9.096","-0.071613"," ","9.2","0.0","-","-","Deletion"
"9.3","0.0","9.195","0.066708"," ","9.3","0.0","-","-","Deletion"
"9.4","0.0","9.3","-0.091233"," ","9.4","0.0","-","-","Deletion"
"9.5","0.0","9.393","0.01962"," ","9.5","0.0","-","-","Deletion"
"9.6","0.0","9.517","-0.048069"," ","9.6","0.0","-","-","Deletion"
"9.7","0.0","9.591","0.014715"," ","9.7","0.0","-","-","Deletion"
"9.8","0.0","9.69","-0.004905"," ","9.8","0.0","-","-","Deletion"
"9.9","0.0","9.789","-0.043164"," ","9.9","0.0","-","-","Deletion"
"10.0","0.0","9.887","0.01962"," ","10.0","0.0","-","-","Deletion"
"10.1","0.0","9.986","-0.01962"," ","10.1","0.0","-","-","Deletion"
"10.2","0.0","10.127","0.023544"," ","10.2","0.0","-","-","Deletion"
"10.3","0.0","10.184","-0.086328"," ","10.3","0.0","-","-","Deletion"
"10.4","0.0","10.283","0.052974"," ","10.4","0.0","-","-","Deletion"
"10.5","0.0","10.382","-0.00981"," ","10.5","0.0","-","-","Deletion"
"10.6","0.0","10.481","0.023544"," ","10.6","0.0","-","-","Deletion"
"10.7","0.0","10.579","-0.038259"," ","10.7","0.0","-","-","Deletion"
"10.8","0.0","10.716","-0.01962"," ","10.8","0.0","-","-","Deletion"
"10.9","0.0","10.777","-0.048069"," ","10.9","0.0","-","-","Deletion"
"11.0","0.0","10.875","0.076518"," ","11.0","0.0","-","-","Deletion"
"11.1","0.0","10.975","-0.038259"," ","11.1","0.0","-","-","Deletion"
"11.2","0.0","11.074","0.004905"," ","11.2","0.0","-","-","Deletion"
"11.3","0.0","11.173","-0.038259"," ","11.3","0.0","-","-","Deletion"
"11.4","0.0","11.272","0.023544"," ","11.4","0.0","-","-","Deletion"
"11.5","0.0","11.37","-0.01962"," ","11.5","0.0","-","-","Deletion"
"11.6","0.0","11.47","-0.028449"," ","11.6","0.0","-","-","Deletion"
"11.7","0.0","11.568","-0.052974"," ","11.7","0.0","-","-","Deletion"
"11.8","0.0","11.667","-0.01962"," ","11.8","0.0","-","-","Deletion"
"11.9","0.0","11.766","0.057879"," ","11.9","0.0","-","-","Deletion"
"12.0","0.0","11.865","-0.096138"," ","12.0","0.0","-","-","Deletion"
"12.1","0.0","11.972","0.071613"," ","12.1","0.0","-","-","Deletion"
"12.2","0.0","12.064","-0.091233"," ","12.2","0.0","-","-","Deletion"
"12.3","0.0","12.189","0.101043"," ","12.3","0.0","-","-","Deletion"
"12.4","0.0","12.26","-0.091233"," ","12.4","0.0","-","-","Deletion"
"12.5","0.0","12.36","0.038259"," ","12.5","0.0","-","-","Deletion"
"12.6","0.0","12.458","-0.043164"," ","12.6","0.0","-","-","Deletion"
"12.7","0.0","12.563","0.061803"," ","12.7","0.0","-","-","Deletion"
"12.8","0.0","12.656","-0.052974"," ","12.8","0.0","-","-","Deletion"
"12.9","0.0","12.777","0.014715"," ","12.9","0.0","-","-","Deletion"
"13.0","0.0","12.853","-0.038259"," ","13.0","0.0","-","-","Deletion"
"13.1","0.0","12.952","-0.023544"," ","13.1","0.0","-","-","Deletion"
"13.2","0.0","13.051","-0.028449"," ","13.2","0.0","-","-","Deletion"
"13.3","0.0","13.15","-0.004905"," ","13.3","0.0","-","-","Deletion"
"13.4","0.0","13.248","-0.028449"," ","13.4","0.0","-","-","Deletion"
"13.5","0.0","13.373","0.014715"," ","13.5","0.0","-","-","Deletion"
"13.6","0.0","13.446","-0.048069"," ","13.6","0.0","-","-","Deletion"
"13.7","0.0","13.545","0.028449"," ","13.7","0.0","-","-","Deletion"
"13.8","0.0","13.643","0.00981"," ","13.8","0.0","-","-","Deletion"
"13.9","0.0","13.772","-0.038259"," ","13.9","0.0","-","-","Deletion"
"14.0","0.0","13.841","0.01962"," ","14.0","0.0","-","-","Deletion"
"14.1","0.0","13.94","-0.038259"," ","14.1","0.0","-","-","Deletion"
"14.2","0.0","14.039","0.086328"," ","14.2","0.0","-","-","Deletion"
"14.3","0.0","14.161","-0.057879"," ","14.3","0.0","-","-","Deletion"
"14.4","0.0","14.237","0.061803"," ","14.4","0.0","-","-","Deletion"
"14.5","0.0","14.336","-0.028449"," ","14.5","0.0","-","-","Deletion"
"14.6","0.0","14.434","0.038259"," ","14.6","0.0","-","-","Deletion"
"14.7","0.0","14.534","-0.043164"," ","14.7","0.0","-","-","Deletion"
"14.8","0.0","14.633","0.033354"," ","14.8","0.0","-","-","Deletion"
"14.9","0.0","14.731","-0.043164"," ","14.9","0.0","-","-","Deletion"
"15.0","0.0","14.831","-0.048069"," ","15.0","0.0","-","-","Deletion"
"15.1","0.0","14.929","0.023544"," ","15.1","0.0","-","-","Deletion"
"15.2","0.0","15.031","-0.01962"," ","15.2","0.0","-","-","Deletion"
"15.3","0.0","15.126","0.014715"," ","15.3","0.0","0.0","0.0","Match"
"15.4","0.0","15.225","-0.057879"," ","15.4","0.0","0.099","0.004905","Match"
"15.5","0.0","15.324","0.043164"," ","15.5","0.0","0.199","0.00981","Match"
"15.6","0.0","15.423","-0.014715"," ","15.6","0.0","0.297","-0.023544","Match"
"15.7","0.0","15.522","0.033354"," ","15.7","0.0","0.397","-0.014715","Match"
"15.8","0.0","15.622","-0.096138"," ","15.8","0.0","0.494","-0.004905","Match"
"15.9","0.0","15.72","0.066708"," ","15.9","0.0","0.593","0.0","Match"
"16.0","0.0","15.839","-0.043164"," ","16.0","0.0","0.692","-0.00981","Match"
"16.1","0.0","15.918","0.033354"," ","16.1","0.0","0.791","0.023544","Match"
"16.2","0.0","16.017","-0.071613"," ","16.2","0.0","0.89","-0.014715","Match"
"16.3","0.0","16.116","0.028449"," ","16.3","0.0","0.988","0.004905","Match"
"16.4","0.0","16.223","-0.014715"," ","16.4","0.0","1.088","0.014715","Match"
"16.5","0.0","16.313","-0.004905"," ","16.5","0.0","1.188","0.0","Match"
"16.6","0.0","16.445","0.0"," ","16.6","0.0","1.285","0.014715","Match"
"16.7","0.0","16.511","-0.048069"," ","16.7","0.0","1.388","0.00981","Match"
"16.8","0.0","16.61","0.038259"," ","16.8","0.0","1.483","0.0","Match"
"16.9","0.0","16.709","-0.096138"," ","16.9","0.0","1.594","-0.004905","Match"
"17.0","0.0","16.808","0.066708"," ","17.0","0.0","1.681","0.00981","Match"
"17.1","0.0","16.906","-0.071613"," ","17.1","0.0","1.796","-0.004905","Match"
"17.2","0.0","17.005","0.052974"," ","17.2","0.0","1.878","0.004905","Match"
"17.3","0.0","17.104","-0.038259"," ","17.3","0.0","2.015","0.004905","Match"
"17.4","0.0","17.203","0.066708"," ","17.4","0.0","2.076","0.004905","Match"
"17.5","0.0","17.302","-0.048069"," ","17.5","0.0","2.175","-0.004905","Match"
"17.6","0.0","17.401","0.028449"," ","17.6","0.0","2.274","-0.004905","Match"
"17.7","0.0","17.499","-0.048069"," ","17.7","0.0","2.373","-0.004905","Match"
"17.8","-0.1","17.599","0.057879"," ","17.8","-0.1","-","-","Deletion"
"17.9","-0.2","17.698","-0.096138"," ","17.9","-0.2","-","-","Deletion"
"18.0","-0.3","17.796","0.086328"," ","-","-","2.471","-0.057879","Insertion"
"18.1","-0.4","17.897","-0.048069"," ","-","-","2.607","-0.143226","Insertion"
"18.2","-0.5","17.994","-0.043164"," ","18.0","-0.3","2.669","-0.325692","Match"
"18.3","-0.6","18.093","-0.004905"," ","18.1","-0.4","2.769","-0.426735","Match"
"18.4","-0.7","18.192","0.01962"," ","18.2","-0.5","2.867","-0.483633","Match"
"18.5","-0.7","18.29","-0.004905"," ","18.3","-0.6","2.966","-0.579771","Match"
"18.6","-0.7","18.39","0.057879"," ","18.4","-0.7","-","-","Deletion"
"18.7","-0.7","18.488","0.210915"," ","18.5","-0.7","3.065","-0.732807","Match"
"18.8","-0.7","18.587","0.282528"," ","-","-","3.164","-0.756351","Insertion"
"18.9","-0.7","18.686","0.498348"," ","-","-","3.262","-0.747522","Insertion"
"19.0","-0.7","18.786","0.445374"," ","18.6","-0.7","3.362","-0.709263","Match"
"19.1","-0.7","18.883","0.661194"," ","18.7","-0.7","3.46","-0.722997","Match"
"19.2","-0.628571","18.983","0.756351"," ","18.8","-0.7","3.559","-0.699453","Match"
"19.3","-0.528571","19.082","0.656289"," ","18.9","-0.7","3.658","-0.689643","Match"
"19.4","-0.428571","19.18","0.756351"," ","19.0","-0.7","3.757","-0.671004","Match"
"19.5","-0.328571","19.279","0.671004"," ","19.1","-0.7","3.856","-0.671004","Match"
"19.6","-0.228571","19.378","0.694548"," ","19.2","-0.628571","-","-","Deletion"
"19.7","-0.128571","19.477","0.661194"," ","19.3","-0.528571","3.955","-0.531702","Match"
"19.8","-0.028571","19.575","0.704358"," ","19.4","-0.428571","-","-","Deletion"
"19.9","0.0","19.675","0.61803"," ","-","-","4.054","-0.473823","Insertion"
"20.0","0.0","19.774","0.531702"," ","19.5","-0.328571","4.153","-0.335502","Match"
"20.1","0.0","19.873","0.445374"," ","19.6","-0.228571","4.266","-0.258984","Match"
"20.2","0.0","19.972","0.320787"," ","19.7","-0.128571","4.352","-0.119682","Match"
"20.3","0.0","20.07","0.229554"," ","19.8","-0.028571","-","-","Deletion"
"20.4","0.0","20.17","0.124587"," ","19.9","0.0","-","-","Deletion"
"20.5","0.0","20.275","0.014715"," ","20.0","0.0","-","-","Deletion"
"20.6","0.0","20.367","-0.00981"," ","20.1","0.0","-","-","Deletion"
"20.7","0.0","20.473","-0.00981"," ","20.2","0.0","-","-","Deletion"
"20.8","0.0","20.565","0.033354"," ","20.3","0.0","-","-","Deletion"
"20.9","0.0","20.673","-0.014715"," ","20.4","0.0","-","-","Deletion"
"21.0","0.0","20.763","-0.01962"," ","20.5","0.0","-","-","Deletion"
"21.1","0.0","20.874","-0.004905"," ","20.6","0.0","-","-","Deletion"
"21.2","0.0","20.961","0.033354"," ","20.7","0.0","-","-","Deletion"
"21.3","0.0","21.08","-0.014715"," ","20.8","0.0","-","-","Deletion"
"21.4","0.0","21.158","-0.01962"," ","20.9","0.0","-","-","Deletion"
"21.5","0.0","21.257","0.004905"," ","21.0","0.0","-","-","Deletion"
"21.6","0.0","21.356","0.038259"," ","21.1","0.0","-","-","Deletion"
"21.7","0.0","21.455","0.01962"," ","21.2","0.0","-","-","Deletion"
"21.8","0.0","21.554","-0.038259"," ","21.3","0.0","-","-","Deletion"
"21.9","0.0","21.652","-0.014715"," ","21.4","0.0","-","-","Deletion"
"22.0","0.0","21.752","0.023544"," ","21.5","0.0","-","-","Deletion"
"22.1","0.0","21.89","0.014715"," ","21.6","0.0","-","-","Deletion"
"22.2","0.0","21.949","-0.01962"," ","21.7","0.0","-","-","Deletion"
"22.3","0.0","22.048","-0.023544"," ","21.8","0.0","-","-","Deletion"
"22.4","0.0","22.147","0.028449"," ","21.9","0.0","-","-","Deletion"
"22.5","0.0","22.246","0.01962"," ","22.0","0.0","-","-","Deletion"
"22.6","0.0","22.345","-0.00981"," ","22.1","0.0","-","-","Deletion"
"22.7","0.0","22.444","-0.028449"," ","22.2","0.0","-","-","Deletion"
"22.8","0.0","22.543","0.0"," ","22.3","0.0","-","-","Deletion"
"22.9","0.0","22.641","0.033354"," ","22.4","0.0","-","-","Deletion"
"23.0","0.0","22.74","-0.01962"," ","22.5","0.0","-","-","Deletion"
"23.1","0.0","22.839","-0.028449"," ","22.6","0.0","-","-","Deletion"
"23.2","0.0","22.945","0.061803"," ","22.7","0.0","-","-","Deletion"
"23.3","0.0","23.036","0.177561"," ","22.8","0.0","-","-","Deletion"
"23.4","0.0","23.135","0.234459"," ","22.9","0.0","-","-","Deletion"
"23.5","0.0","23.235","0.20601"," ","23.0","0.0","-","-","Deletion"
"23.6","0.0","23.336","0.048069"," ","23.1","0.0","-","-","Deletion"
"23.7","0.0","23.432","0.033354"," ","23.2","0.0","-","-","Deletion"
"23.8","0.0","23.552","-0.01962"," ","23.3","0.0","-","-","Deletion"
"23.9","0.0","23.629","0.028449"," ","23.4","0.0","-","-","Deletion"
"24.0","0.0","23.729","-0.004905"," ","23.5","0.0","-","-","Deletion"
"24.1","0.0","23.828","0.004905"," ","23.6","0.0","-","-","Deletion"
"24.2","0.0","23.926","0.0"," ","23.7","0.0","-","-","Deletion"
"24.3","0.0","24.026","0.004905"," ","23.8","0.0","-","-","Deletion"
"24.4","0.0","24.139","-0.014715"," ","23.9","0.0","-","-","Deletion"
"24.5","0.0","24.223","0.00981"," ","24.0","0.0","-","-","Deletion"
"24.6","0.0","24.362","0.0"," ","24.1","0.0","-","-","Deletion"
"24.7","0.0","24.421","0.004905"," ","24.2","0.0","-","-","Deletion"
"24.8","0.0","24.52","-0.014715"," ","24.3","0.0","-","-","Deletion"
"24.9","0.0","24.619","0.0"," ","24.4","0.0","-","-","Deletion"
"25.0","0.0","24.718","0.004905"," ","24.5","0.0","-","-","Deletion"
"25.1","0.0","24.816","0.0"," ","24.6","0.0","-","-","Deletion"
"25.2","0.0","24.95","-0.004905"," ","24.7","0.0","-","-","Deletion"
"25.3","0.0","25.015","0.00981"," ","24.8","0.0","-","-","Deletion"
"25.4","0.0","25.114","0.014715"," ","24.9","0.0","-","-","Deletion"
"25.5","0.0","25.212","0.0"," ","25.0","0.0","-","-","Deletion"
"25.6","0.0","25.312","-0.00981"," ","25.1","0.0","-","-","Deletion"
"25.7","0.0","25.41","0.00981"," ","25.2","0.0","-","-","Deletion"
"25.8","0.0","25.509","-0.014715"," ","25.3","0.0","-","-","Deletion"
"25.9","0.0","25.608","0.01962"," ","25.4","0.0","-","-","Deletion"
"26.0","0.0","25.707","-0.023544"," ","25.5","0.0","-","-","Deletion"
"26.1","0.0","25.806","-0.01962"," ","25.6","0.0","-","-","Deletion"
"26.2","0.0","25.904","-0.028449"," ","25.7","0.0","-","-","Deletion"
"26.3","0.0","26.003","-0.014715"," ","25.8","0.0","-","-","Deletion"
"26.4","0.0","26.102","-0.004905"," ","25.9","0.0","-","-","Deletion"
"26.5","0.0","26.2","-0.033354"," ","26.0","0.0","-","-","Deletion"
"26.6","0.0","26.3","0.0"," ","26.1","0.0","-","-","Deletion"
"26.7","0.0","26.41","-0.014715"," ","26.2","0.0","-","-","Deletion"
"26.8","0.0","26.498","-0.033354"," ","26.3","0.0","-","-","Deletion"
"26.9","0.0","26.597","-0.004905"," ","26.4","0.0","-","-","Deletion"
"27.0","0.0","26.695","0.00981"," ","26.5","0.0","-","-","Deletion"
"27.1","0.0","26.794","0.014715"," ","26.6","0.0","-","-","Deletion"
"27.2","0.0","26.892","0.004905"," ","26.7","0.0","-","-","Deletion"
"27.3","0.0","27.01","0.01962"," ","26.8","0.0","-","-","Deletion"
"27.4","0.0","27.091","-0.014715"," ","26.9","0.0","-","-","Deletion"
"27.5","0.0","27.19","-0.028449"," ","27.0","0.0","-","-","Deletion"
"27.6","0.0","27.289","-0.00981"," ","-","-","4.456","-0.076518","Insertion"
"27.7","0.0","27.388","0.004905"," ","27.1","0.0","4.548","0.014715","Match"
"27.8","0.0","27.486","0.00981"," ","27.2","0.0","4.647","0.0","Match"
"27.9","0.0","27.6","0.0"," ","-","-","4.745","0.038259","Insertion"
"28.0","0.0","27.683","0.00981"," ","27.3","0.0","4.844","0.0","Match"
"28.1","0.0","27.809","-0.014715"," ","27.4","0.0","4.943","0.00981","Match"
"28.2","0.0","27.881","0.004905"," ","27.5","0.0","5.057","-0.033354","Match"
"28.3","0.0","27.98","-0.014715"," ","27.6","0.0","5.141","-0.004905","Match"
"28.4","0.0","28.079","0.00981"," ","-","-","5.259","0.038259","Insertion"
"28.5","0.0","28.182","-0.004905"," ","27.7","0.0","5.339","-0.00981","Match"
"28.6","0.0","28.276","0.004905"," ","-","-","5.438","-0.043164","Insertion"
"28.7","0.0","28.399","0.004905"," ","-","-","5.537","-0.048069","Insertion"
"28.8","0.0","28.474","-0.004905"," ","27.8","0.0","5.635","-0.00981","Match"
"28.9","0.0","28.573","-0.00981"," ","27.9","0.0","5.735","-0.004905","Match"
"29.0","0.0","28.671","-0.00981"," ","28.0","0.0","5.834","-0.033354","Match"
"29.1","0.0","28.77","0.0"," ","28.1","0.0","5.932","-0.028449","Match"
"29.2","0.0","28.869","-0.00981"," ","28.2","0.0","6.03","0.004905","Match"
"29.3","0.0","28.993","0.0"," ","-","-","6.13","-0.043164","Insertion"
"29.4","0.0","29.067","-0.004905"," ","28.3","0.0","6.256","-0.028449","Match"
"29.5","0.0","29.166","-0.004905"," ","28.4","0.0","6.327","-0.00981","Match"
"29.6","0.0","29.264","-0.004905"," ","28.5","0.0","6.426","-0.01962","Match"
"29.7","0.0","29.364","-0.004905"," ","28.6","0.0","6.525","-0.014715","Match"
"29.8","0.0","29.463","-0.004905"," ","28.7","0.0","6.645","0.01962","Match"
"29.9","0.0","29.561","-0.004905"," ","28.8","0.0","6.723","0.004905","Match"
"30.0","0.0","29.66","0.0"," ","28.9","0.0","6.862","0.023544","Match"
"30.1","0.0","29.76","-0.004905"," ","-","-","6.921","0.038259","Insertion"
"30.2","0.0","29.868","-0.014715"," ","29.0","0.0","7.02","-0.01962","Match"
"30.3","0.0","29.958","-0.004905"," ","-","-","7.118","0.076518","Insertion"
"30.4","0.0","30.056","0.0"," ","29.1","0.0","7.218","-0.004905","Match"
"30.5","0.0","30.154","0.0"," ","29.2","0.0","7.317","0.0","Match"
"30.6","0.0","30.254","-0.004905"," ","-","-","7.415","-0.043164","Insertion"
"30.7","0.0","30.352","0.0"," ","-","-","7.519","0.071613","Insertion"
"30.8","0.0","30.457","0.0"," ","-","-","7.613","-0.057879","Insertion"
"30.9","0.0","30.55","-0.004905"," ","-","-","7.711","0.066708","Insertion"
"31.0","0.0","30.65","-0.00981"," ","29.3","0.0","7.811","0.0","Match"
"31.1","0.0","30.749","0.0"," ","29.4","0.0","7.909","-0.004905","Match"
"31.2","0.0","30.847","-0.004905"," ","29.5","0.0","8.008","0.023544","Match"
"31.3","0.0","30.946","0.00981"," ","29.6","0.0","8.123","-0.004905","Match"
"31.4","0.0","31.049","-0.004905"," ","29.7","0.0","8.206","0.00981","Match"
"31.5","0.0","31.144","0.0"," ","29.8","0.0","8.305","-0.028449","Match"
"31.6","0.0","31.268","-0.004905"," ","29.9","0.0","8.404","0.00981","Match"
"31.7","0.0","31.342","-0.00981"," ","30.0","0.0","8.51","-0.004905","Match"
"31.8","0.0","31.44","0.0"," ","30.1","0.0","8.602","0.004905","Match"
"31.9","0.0","31.539","0.0"," ","-","-","8.745","-0.061803","Insertion"
"32.0","0.0","31.641","-0.00981"," ","-","-","8.799","0.043164","Insertion"
"32.1","0.0","31.736","-0.004905"," ","-","-","8.917","-0.043164","Insertion"
"32.2","0.0","31.857","0.01962"," ","-","-","8.997","0.052974","Insertion"
"32.3","0.0","31.934","0.033354"," ","-","-","9.096","-0.071613","Insertion"
"32.4","0.0","32.034","0.004905"," ","-","-","9.195","0.066708","Insertion"
"32.5","0.0","32.132","-0.00981"," ","-","-","9.3","-0.091233","Insertion"
"32.6","0.0","32.231","0.023544"," ","30.2","0.0","9.393","0.01962","Match"
"32.7","0.0","32.33","-0.004905"," ","-","-","9.517","-0.048069","Insertion"
"32.8","0.0","32.447","-0.01962"," ","30.3","0.0","9.591","0.014715","Match"
"32.9","0.0","32.528","0.00981"," ","30.4","0.0","9.69","-0.004905","Match"
"33.0","0.0","32.668","0.004905"," ","-","-","9.789","-0.043164","Insertion"
"33.1","0.0","32.726","-0.014715"," ","30.5","0.0","9.887","0.01962","Match"
"33.2","0.0","32.825","-0.004905"," ","30.6","0.0","9.986","-0.01962","Match"
"33.3","0.0","32.923","-0.01962"," ","30.7","0.0","10.127","0.023544","Match"
"33.4","0.0","33.022","-0.004905"," ","-","-","10.184","-0.086328","Insertion"
"33.5","0.0","33.121","-0.014715"," ","-","-","10.283","0.052974","Insertion"
"33.6","0.0","33.255","0.004905"," ","30.8","0.0","10.382","-0.00981","Match"
"33.7","0.0","33.319","-0.014715"," ","30.9","0.0","10.481","0.023544","Match"
"33.8","0.0","33.419","-0.00981"," ","-","-","10.579","-0.038259","Insertion"
"33.9","0.0","33.516","-0.00981"," ","31.0","0.0","10.716","-0.01962","Match"
"34.0","0.0","33.615","-0.004905"," ","-","-","10.777","-0.048069","Insertion"
"34.1","0.08","33.714","-0.023544"," ","-","-","10.875","0.076518","Insertion"
"34.2","0.18","33.813","0.004905"," ","-","-","10.975","-0.038259","Insertion"
"34.3","0.28","33.912","0.00981"," ","31.1","0.0","11.074","0.004905","Match"
"34.4","0.38","34.011","-0.00981"," ","-","-","11.173","-0.038259","Insertion"
"34.5","0.48","34.129","0.00981"," ","31.2","0.0","11.272","0.023544","Match"
"34.6","0.58","34.208","0.014715"," ","31.3","0.0","11.37","-0.01962","Match"
"34.7","0.68","34.307","-0.00981"," ","31.4","0.0","11.47","-0.028449","Match"
"34.8","0.7","34.406","-0.01962"," ","-","-","11.568","-0.052974","Insertion"
"34.9","0.7","34.513","-0.023544"," ","31.5","0.0","11.667","-0.01962","Match"
"35.0","0.7","34.603","-0.023544"," ","-","-","11.766","0.057879","Insertion"
"35.1","0.7","34.729","0.01962"," ","-","-","11.865","-0.096138","Insertion"
"35.2","0.7","34.801","0.0"," ","-","-","11.972","0.071613","Insertion"
"35.3","0.7","34.9","-0.00981"," ","-","-","12.064","-0.091233","Insertion"
"35.4","0.7","34.999","-0.014715"," ","-","-","12.189","0.101043","Insertion"
"35.5","0.648571","35.117","-0.028449"," ","-","-","12.26","-0.091233","Insertion"
"35.6","0.548571","35.196","-0.00981"," ","-","-","12.36","0.038259","Insertion"
"35.7","0.448571","35.334","0.01962"," ","-","-","12.458","-0.043164","Insertion"
"35.8","0.348571","35.394","0.0"," ","-","-","12.563","0.061803","Insertion"
"35.9","0.248571","35.497","0.0"," ","-","-","12.656","-0.052974","Insertion"
"36.0","0.148571","35.592","-0.004905"," ","31.6","0.0","12.777","0.014715","Match"
"36.1","0.048571","35.722","0.0"," ","-","-","12.853","-0.038259","Insertion"
"36.2","0.0","35.79","-0.00981"," ","31.7","0.0","12.952","-0.023544","Match"
"36.3","0.0","35.889","-0.004905"," ","31.8","0.0","13.051","-0.028449","Match"
"36.4","0.0","35.988","-0.004905"," ","31.9","0.0","13.15","-0.004905","Match"
"36.5","0.0","36.102","-0.004905"," ","32.0","0.0","13.248","-0.028449","Match"
"36.6","0.0","36.185","-0.004905"," ","32.1","0.0","13.373","0.014715","Match"
"36.7","0.0","36.323","-0.004905"," ","-","-","13.446","-0.048069","Insertion"
"36.8","0.0","36.383","0.00981"," ","32.2","0.0","13.545","0.028449","Match"
"36.9","0.0","36.481","-0.00981"," ","32.3","0.0","13.643","0.00981","Match"
"37.0","0.0","36.581","-0.014715"," ","-","-","13.772","-0.038259","Insertion"
"37.1","0.0","36.679","-0.004905"," ","32.4","0.0","13.841","0.01962","Match"
"37.2","0.0","36.778","0.00981"," ","-","-","13.94","-0.038259","Insertion"
"37.3","0.0","36.877","0.0"," ","-","-","14.039","0.086328","Insertion"
"37.4","0.0","36.975","-0.00981"," ","-","-","14.161","-0.057879","Insertion"
"37.5","0.0","37.075","-0.004905"," ","-","-","14.237","0.061803","Insertion"
"37.6","0.0","37.173","0.00981"," ","32.5","0.0","14.336","-0.028449","Match"
"37.7","0.0","37.273","-0.014715"," ","-","-","14.434","0.038259","Insertion"
"37.8","0.0","37.371","0.00981"," ","-","-","14.534","-0.043164","Insertion"
"37.9","0.0","37.47","-0.00981"," ","32.6","0.0","14.633","0.033354","Match"
"38.0","0.0","37.569","-0.00981"," ","-","-","14.731","-0.043164","Insertion"
"38.1","0.0","37.668","-0.014715"," ","-","-","14.831","-0.048069","Insertion"
"38.2","0.0","37.766","-0.004905"," ","32.7","0.0","14.929","0.023544","Match"
"38.3","0.0","37.866","-0.004905"," ","32.8","0.0","15.031","-0.01962","Match"
"38.4","0.0","37.964","0.00981"," ","32.9","0.0","15.126","0.014715","Match"
"38.5","0.0","38.063","0.004905"," ","-","-","15.225","-0.057879","Insertion"
"38.6","0.0","38.176","-0.014715"," ","-","-","15.324","0.043164","Insertion"
"38.7","0.0","38.261","0.0"," ","33.0","0.0","15.423","-0.014715","Match"
"38.8","0.0","38.396","-0.004905"," ","33.1","0.0","15.522","0.033354","Match"
"38.9","0.0","38.458","-0.004905"," ","-","-","15.622","-0.096138","Insertion"
"39.0","0.0","38.565","0.0"," ","-","-","15.72","0.066708","Insertion"
"39.1","0.0","38.656","-0.004905"," ","-","-","15.839","-0.043164","Insertion"
"39.2","0.0","38.775","0.0"," ","33.2","0.0","15.918","0.033354","Match"
"39.3","0.0","38.854","0.00981"," ","-","-","16.017","-0.071613","Insertion"
"39.4","0.0","38.954","0.114777"," ","33.3","0.0","16.116","0.028449","Match"
"39.5","0.0","39.052","0.249174"," ","33.4","0.0","16.223","-0.014715","Match"
"39.6","0.0","39.151","0.310977"," ","33.5","0.0","16.313","-0.004905","Match"
"39.7","0.0","39.249","0.473823"," ","33.6","0.0","16.445","0.0","Match"
"39.8","0.0","39.387","0.560151"," ","-","-","16.511","-0.048069","Insertion"
"39.9","0.0","39.447","0.704358"," ","-","-","16.61","0.038259","Insertion"
"40.0","0.0","39.552","0.742617"," ","-","-","16.709","-0.096138","Insertion"
"40.1","0.0","39.645","0.732807"," ","-","-","16.808","0.066708","Insertion"
"40.2","0.0","39.77","0.704358"," ","-","-","16.906","-0.071613","Insertion"
"40.3","0.0","39.842","0.694548"," ","-","-","17.005","0.052974","Insertion"
"40.4","0.0","39.941","0.689643"," ","-","-","17.104","-0.038259","Insertion"
"40.5","0.0","40.041","0.742617"," ","-","-","17.203","0.066708","Insertion"
"40.6","0.0","40.139","0.704358"," ","-","-","17.302","-0.048069","Insertion"
"40.7","0.0","40.237","0.722997"," ","33.7","0.0","17.401","0.028449","Match"
"40.8","0.0","40.374","0.666099"," ","-","-","17.499","-0.048069","Insertion"
"40.9","0.0","40.435","0.435564"," ","-","-","17.599","0.057879","Insertion"
"41.0","0.0","40.535","0.426735"," ","-","-","17.698","-0.096138","Insertion"
"41.1","0.0","40.634","0.320787"," ","-","-","17.796","0.086328","Insertion"
"41.2","0.0","40.732","0.1962"," ","-","-","17.897","-0.048069","Insertion"
"41.3","0.0","40.831","0.124587"," ","-","-","17.994","-0.043164","Insertion"
"41.4","0.0","40.93","-0.061803"," ","33.8","0.0","18.093","-0.004905","Match"
"41.5","0.0","41.034","-0.004905"," ","33.9","0.0","18.192","0.01962","Match"
"41.6","0.0","41.127","0.033354"," ","34.0","0.0","18.29","-0.004905","Match"
"41.7","0.0","41.244","0.004905"," ","34.1","0.08","18.39","0.057879","Match"
"41.8","0.0","41.325","0.004905"," ","34.2","0.18","18.488","0.210915","Match"
"41.9","0.0","41.452","-0.043164"," ","34.3","0.28","18.587","0.282528","Match"
"42.0","0.0","41.523","0.028449"," ","34.4","0.38","-","-","Deletion"
"42.1","0.0","41.622","0.014715"," ","34.5","0.48","18.686","0.498348","Match"
"42.2","0.0","41.721","0.00981"," ","34.6","0.58","-","-","Deletion"
"42.3","0.0","41.82","-0.00981"," ","-","-","18.786","0.445374","Insertion"
"42.4","0.0","41.919","-0.057879"," ","34.7","0.68","18.883","0.661194","Match"
"42.5","0.0","42.026","0.038259"," ","34.8","0.7","-","-","Deletion"
"42.6","0.0","42.116","-0.023544"," ","34.9","0.7","-","-","Deletion"
"42.7","0.0","42.245","-0.023544"," ","35.0","0.7","-","-","Deletion"
"42.8","0.0","42.314","-0.014715"," ","35.1","0.7","-","-","Deletion"
"42.9","0.0","42.413","-0.004905"," ","-","-","18.983","0.756351","Insertion"
"43.0","0.0","42.512","0.052974"," ","-","-","19.082","0.656289","Insertion"
"43.1","0.0","42.614","-0.052974"," ","-","-","19.18","0.756351","Insertion"
"43.2","0.0","42.709","0.076518"," ","35.2","0.7","19.279","0.671004","Match"
"43.3","0.0","42.835","-0.119682"," ","35.3","0.7","19.378","0.694548","Match"
"43.4","0.0","42.907","0.134397"," ","-","-","19.477","0.661194","Insertion"
"43.5","0.0","43.006","-0.076518"," ","35.4","0.7","19.575","0.704358","Match"
"43.6","0.0","43.105","0.048069"," ","35.5","0.648571","19.675","0.61803","Match"
"43.7","0.0","43.203","-0.033354"," ","35.6","0.548571","19.774","0.531702","Match"
"43.8","0.0","43.302","-0.023544"," ","35.7","0.448571","19.873","0.445374","Match"
"43.9","0.0","43.427","0.023544"," ","35.8","0.348571","19.972","0.320787","Match"
"44.0","0.0","43.499","-0.01962"," ","35.9","0.248571","20.07","0.229554","Match"
"44.1","0.0","43.599","0.023544"," ","36.0","0.148571","20.17","0.124587","Match"
"44.2","0.0","43.697","0.028449"," ","36.1","0.048571","-","-","Deletion"
"44.3","0.0","43.797","-0.043164"," ","36.2","0.0","-","-","Deletion"
"44.4","0.0","43.895","-0.004905"," ","36.3","0.0","-","-","Deletion"
"44.5","0.0","43.995","0.023544"," ","36.4","0.0","-","-","Deletion"
"44.6","0.0","44.094","-0.038259"," ","36.5","0.0","-","-","Deletion"
"44.7","0.0","44.193","0.004905"," ","36.6","0.0","-","-","Deletion"
"44.8","0.0","44.291","-0.057879"," ","36.7","0.0","-","-","Deletion"
"44.9","0.0","44.389","0.057879"," ","36.8","0.0","-","-","Deletion"
"45.0","0.0","44.488","-0.028449"," ","36.9","0.0","-","-","Deletion"
"45.1","0.0","44.587","0.014715"," ","37.0","0.0","-","-","Deletion"
"45.2","0.0","44.686","-0.061803"," ","37.1","0.0","-","-","Deletion"
"45.3","0.0","44.786","-0.004905"," ","37.2","0.0","-","-","Deletion"
"45.4","0.0","44.884","-0.028449"," ","37.3","0.0","-","-","Deletion"
"45.5","0.0","44.983","0.028449"," ","37.4","0.0","-","-","Deletion"
"45.6","0.0","45.081","-0.033354"," ","37.5","0.0","-","-","Deletion"
"45.7","0.0","45.18","0.004905"," ","37.6","0.0","-","-","Deletion"
"45.8","0.0","45.301","-0.038259"," ","37.7","0.0","-","-","Deletion"
"45.9","0.0","45.378","-0.014715"," ","37.8","0.0","-","-","Deletion"
"46.0","0.0","45.477","0.004905"," ","37.9","0.0","-","-","Deletion"
"46.1","0.0","45.576","-0.028449"," ","38.0","0.0","-","-","Deletion"
"46.2","0.0","45.684","0.028449"," ","38.1","0.0","-","-","Deletion"
"46.3","0.0","45.774","-0.081423"," ","38.2","0.0","-","-","Deletion"
"46.4","0.0","45.884","0.086328"," ","38.3","0.0","-","-","Deletion"
"46.5","0.0","45.972","-0.096138"," ","38.4","0.0","-","-","Deletion"
"46.6","0.0","46.089","0.0"," ","38.5","0.0","20.275","0.014715","Match"
"46.7","0.0","46.169","-0.00981"," ","38.6","0.0","20.367","-0.00981","Match"
"46.8","0.0","46.29","0.028449"," ","38.7","0.0","20.473","-0.00981","Match"
"46.9","0.0","46.366","-0.028449"," ","38.8","0.0","20.565","0.033354","Match"
"47.0","0.0","46.466","0.052974"," ","38.9","0.0","20.673","-0.014715","Match"
"47.1","0.0","46.564","-0.066708"," ","39.0","0.0","20.763","-0.01962","Match"
"47.2","0.0","46.664","0.061803"," ","39.1","0.0","20.874","-0.004905","Match"
"47.3","0.0","46.762","-0.109872"," ","39.2","0.0","20.961","0.033354","Match"
"47.4","0.0","46.861","0.028449"," ","39.3","0.0","21.08","-0.014715","Match"
"47.5","0.0","46.96","0.01962"," ","39.4","0.0","21.158","-0.01962","Match"
"47.6","0.0","47.058","-0.01962"," ","39.5","0.0","21.257","0.004905","Match"
"47.7","0.0","47.158","0.033354"," ","-","-","21.356","0.038259","Insertion"
"47.8","0.0","47.256","-0.048069"," ","39.6","0.0","21.455","0.01962","Match"
"47.9","0.0","47.355","0.038259"," ","-","-","21.554","-0.038259","Insertion"
"48.0","0.0","47.454","-0.076518"," ","39.7","0.0","21.652","-0.014715","Match"
"48.1","0.0","47.553","0.076518"," ","39.8","0.0","21.752","0.023544","Match"
"48.2","0.0","47.651","-0.01962"," ","39.9","0.0","21.89","0.014715","Match"
"48.3","0.0","47.75","0.052974"," ","40.0","0.0","21.949","-0.01962","Match"
"48.4","0.0","47.848","-0.01962"," ","40.1","0.0","22.048","-0.023544","Match"
"48.5","0.0","47.948","0.023544"," ","40.2","0.0","22.147","0.028449","Match"
"48.6","0.0","48.099","-0.048069"," ","40.3","0.0","22.246","0.01962","Match"
"48.7","0.0","48.145","0.038259"," ","40.4","0.0","22.345","-0.00981","Match"
"48.8","0.0","48.244","-0.023544"," ","40.5","0.0","22.444","-0.028449","Match"
"48.9","0.0","48.342","0.014715"," ","40.6","0.0","22.543","0.0","Match"
"49.0","0.0","48.442","-0.014715"," ","40.7","0.0","22.641","0.033354","Match"
"49.1","0.0","48.541","0.00981"," ","40.8","0.0","22.74","-0.01962","Match"
"49.2","0.0","48.64","-0.004905"," ","40.9","0.0","22.839","-0.028449","Match"
"49.3","0.0","48.738","-0.01962"," ","-","-","22.945","0.061803","Insertion"
"49.4","0.0","48.836","-0.004905"," ","-","-","23.036","0.177561","Insertion"
"49.5","0.0","48.935","-0.057879"," ","-","-","23.135","0.234459","Insertion"
"49.6","0.0","49.035","0.052974"," ","-","-","23.235","0.20601","Insertion"
"49.7","0.0","49.134","-0.038259"," ","-","-","23.336","0.048069","Insertion"
"49.8","0.0","49.233","-0.038259"," ","41.0","0.0","23.432","0.033354","Match"
"49.9","0.0","49.343","-0.043164"," ","41.1","0.0","23.552","-0.01962","Match"
"50.0","0.0","49.43","0.057879"," ","41.2","0.0","23.629","0.028449","Match"
"50.1","0.0","49.528","-0.038259"," ","41.3","0.0","23.729","-0.004905","Match"
"50.2","0.0","49.627","-0.004905"," ","41.4","0.0","23.828","0.004905","Match"
"50.3","0.0","49.733","-0.01962"," ","41.5","0.0","23.926","0.0","Match"
"50.4","0.0","49.824","0.01962"," ","41.6","0.0","24.026","0.004905","Match"
"50.5","0.0","49.952","0.038259"," ","41.7","0.0","24.139","-0.014715","Match"
"50.6","0.0","50.022","-0.048069"," ","41.8","0.0","24.223","0.00981","Match"
"50.7","0.0","50.122","0.004905"," ","41.9","0.0","24.362","0.0","Match"
"50.8","0.0","50.221","-0.043164"," ","42.0","0.0","24.421","0.004905","Match"
"50.9","0.0","50.318","0.033354"," ","42.1","0.0","24.52","-0.014715","Match"
"51.0","0.0","50.418","-0.048069"," ","42.2","0.0","24.619","0.0","Match"
"51.1","0.0","50.517","0.01962"," ","42.3","0.0","24.718","0.004905","Match"
"51.2","0.0","50.616","0.00981"," ","42.4","0.0","24.816","0.0","Match"
"51.3","0.0","50.715","0.043164"," ","42.5","0.0","24.95","-0.004905","Match"
"51.4","0.0","50.813","-0.076518"," ","42.6","0.0","25.015","0.00981","Match"
"51.5","0.0","50.912","0.081423"," ","42.7","0.0","25.114","0.014715","Match"
"51.6","0.0","51.011","-0.057879"," ","42.8","0.0","25.212","0.0","Match"
"51.7","0.0","51.145","0.043164"," ","42.9","0.0","25.312","-0.00981","Match"
"51.8","0.0","51.208","-0.086328"," ","43.0","0.0","25.41","0.00981","Match"
"51.9","0.0","51.307","0.023544"," ","43.1","0.0","25.509","-0.014715","Match"
"52.0","0.0","51.406","-0.038259"," ","43.2","0.0","25.608","0.01962","Match"
"52.1","0.0","51.505","0.023544"," ","43.3","0.0","25.707","-0.023544","Match"
"52.2","0.0","51.604","-0.004905"," ","43.4","0.0","25.806","-0.01962","Match"
"52.3","0.0","51.703","-0.004905"," ","43.5","0.0","25.904","-0.028449","Match"
"52.4","0.0","51.801","0.004905"," ","43.6","0.0","26.003","-0.014715","Match"
"52.5","0.0","51.901","0.004905"," ","43.7","0.0","26.102","-0.004905","Match"
"52.6","0.0","51.999","0.00981"," ","43.8","0.0","26.2","-0.033354","Match"
"52.7","0.0","52.097","-0.038259"," ","43.9","0.0","26.3","0.0","Match"
"52.8","0.0","52.197","0.00981"," ","44.0","0.0","26.41","-0.014715","Match"
"52.9","0.0","52.296","-0.038259"," ","44.1","0.0","26.498","-0.033354","Match"
"53.0","0.0","52.394","0.066708"," ","44.2","0.0","26.597","-0.004905","Match"
"53.1","0.0","52.493","-0.061803"," ","44.3","0.0","26.695","0.00981","Match"
"53.2","0.0","52.596","-0.014715"," ","44.4","0.0","26.794","0.014715","Match"
"53.3","0.0","52.691","0.043164"," ","44.5","0.0","26.892","0.004905","Match"
"53.4","0.0","52.819","-0.028449"," ","44.6","0.0","27.01","0.01962","Match"
"53.5","0.0","52.889","-0.033354"," ","44.7","0.0","27.091","-0.014715","Match"
"53.6","0.0","52.988","-0.023544"," ","44.8","0.0","27.19","-0.028449","Match"
"53.7","0.0","53.086","-0.004905"," ","44.9","0.0","27.289","-0.00981","Match"
"53.8","0.0","53.19","0.071613"," ","45.0","0.0","27.388","0.004905","Match"
"53.9","0.0","53.284","-0.00981"," ","45.1","0.0","27.486","0.00981","Match"
"54.0","0.0","53.409","-0.057879"," ","45.2","0.0","27.6","0.0","Match"
"54.1","0.0","53.481","-0.00981"," ","45.3","0.0","27.683","0.00981","Match"
"54.2","0.0","53.581","-0.066708"," ","45.4","0.0","27.809","-0.014715","Match"
"54.3","0.0","53.68","0.028449"," ","45.5","0.0","27.881","0.004905","Match"
"54.4","0.0","53.794","-0.00981"," ","45.6","0.0","27.98","-0.014715","Match"
"54.5","0.0","53.878","0.057879"," ","45.7","0.0","28.079","0.00981","Match"
"54.6","0.0","54.015","-0.071613"," ","45.8","0.0","28.182","-0.004905","Match"
"54.7","0.0","54.075","0.01962"," ","45.9","0.0","28.276","0.004905","Match"
"54.8","0.0","54.173","-0.033354"," ","46.0","0.0","28.399","0.004905","Match"
"54.9","0.0","54.273","0.023544"," ","46.1","0.0","28.474","-0.004905","Match"
"55.0","0.0","54.399","-0.043164"," ","46.2","0.0","28.573","-0.00981","Match"
"55.1","0.0","54.47","0.043164"," ","46.3","0.0","28.671","-0.00981","Match"
"55.2","0.0","54.569","-0.028449"," ","46.4","0.0","28.77","0.0","Match"
"55.3","0.0","54.667","0.0"," ","46.5","0.0","28.869","-0.00981","Match"
"55.4","0.0","54.767","-0.096138"," ","46.6","0.0","28.993","0.0","Match"
"55.5","0.0","54.866","-0.1962"," ","46.7","0.0","29.067","-0.004905","Match"
"55.6","0.0","54.997","-0.277623"," ","46.8","0.0","29.166","-0.004905","Match"
"55.7","0.0","55.063","-0.42183"," ","46.9","0.0","29.264","-0.004905","Match"
"55.8","0.0","55.162","-0.478728"," ","47.0","0.0","29.364","-0.004905","Match"
"55.9","0.0","55.261","-0.603315"," ","47.1","0.0","29.463","-0.004905","Match"
"56.0","0.0","55.36","-0.651384"," ","47.2","0.0","29.561","-0.004905","Match"
"56.1","0.0","55.458","-0.709263"," ","47.3","0.0","29.66","0.0","Match"
"56.2","0.0","55.557","-0.771066"," ","47.4","0.0","29.76","-0.004905","Match"
"56.3","0.0","55.657","-0.709263"," ","47.5","0.0","29.868","-0.014715","Match"
"56.4","0.0","55.755","-0.704358"," ","47.6","0.0","29.958","-0.004905","Match"
"56.5","0.0","55.854","-0.684738"," ","47.7","0.0","30.056","0.0","Match"
"56.6","0.0","55.952","-0.752427"," ","47.8","0.0","30.154","0.0","Match"
"56.7","0.1","56.052","-0.684738"," ","47.9","0.0","30.254","-0.004905","Match"
"56.8","0.2","56.15","-0.646479"," ","48.0","0.0","30.352","0.0","Match"
"56.9","0.3","56.264","-0.435564"," ","48.1","0.0","30.457","0.0","Match"
"57.0","0.4","56.347","-0.359046"," ","48.2","0.0","30.55","-0.004905","Match"
"57.1","0.5","56.48","-0.229554"," ","48.3","0.0","30.65","-0.00981","Match"
"57.2","0.6","56.545","-0.162846"," ","48.4","0.0","30.749","0.0","Match"
"57.3","0.7","56.644","-0.048069"," ","48.5","0.0","30.847","-0.004905","Match"
"57.4","0.7","56.743","0.0"," ","48.6","0.0","30.946","0.00981","Match"
"57.5","0.7","56.847","0.004905"," ","48.7","0.0","31.049","-0.004905","Match"
"57.6","0.7","56.941","-0.028449"," ","48.8","0.0","31.144","0.0","Match"
"57.7","0.7","57.065","0.0"," ","48.9","0.0","31.268","-0.004905","Match"
"57.8","0.7","57.138","0.01962"," ","49.0","0.0","31.342","-0.00981","Match"
"57.9","0.7","57.237","0.014715"," ","49.1","0.0","31.44","0.0","Match"
"58.0","0.7","57.336","-0.038259"," ","49.2","0.0","31.539","0.0","Match"
"58.1","0.628571","57.434","-0.023544"," ","49.3","0.0","31.641","-0.00981","Match"
"58.2","0.528571","57.534","0.023544"," ","49.4","0.0","31.736","-0.004905","Match"
"58.3","0.428571","57.65","0.004905"," ","49.5","0.0","31.857","0.01962","Match"
"58.4","0.328571","57.731","-0.004905"," ","49.6","0.0","31.934","0.033354","Match"
"58.5","0.228571","57.871","-0.048069"," ","49.7","0.0","32.034","0.004905","Match"
"58.6","0.128571","57.928","0.033354"," ","49.8","0.0","32.132","-0.00981","Match"
"58.7","0.028571","58.028","0.004905"," ","49.9","0.0","32.231","0.023544","Match"
"58.8","0.0","58.127","0.004905"," ","50.0","0.0","32.33","-0.004905","Match"
"58.9","0.0","58.225","-0.043164"," ","50.1","0.0","32.447","-0.01962","Match"
"59.0","0.0","58.324","0.01962"," ","50.2","0.0","32.528","0.00981","Match"
"59.1","0.0","58.459","0.033354"," ","50.3","0.0","32.668","0.004905","Match"
"59.2","0.0","58.521","-0.033354"," ","50.4","0.0","32.726","-0.014715","Match"
"59.3","0.0","58.621","-0.014715"," ","50.5","0.0","32.825","-0.004905","Match"
"59.4","0.0","58.719","-0.028449"," ","50.6","0.0","32.923","-0.01962","Match"
"59.5","0.0","58.819","0.066708"," ","50.7","0.0","33.022","-0.004905","Match"
"59.6","0.0","58.917","-0.028449"," ","50.8","0.0","33.121","-0.014715","Match"
"59.7","0.0","59.016","-0.004905"," ","50.9","0.0","33.255","0.004905","Match"
"59.8","0.0","59.115","0.004905"," ","51.0","0.0","33.319","-0.014715","Match"
"59.9","0.0","59.214","0.0"," ","51.1","0.0","33.419","-0.00981","Match"
"60.0","0.0","59.313","0.038259"," ","51.2","0.0","33.516","-0.00981","Match"
"60.1","0.0","59.411","-0.096138"," ","51.3","0.0","33.615","-0.004905","Match"
"60.2","0.0","59.51","-0.153036"," ","51.4","0.0","33.714","-0.023544","Match"
"60.3","0.0","59.609","-0.18639"," ","51.5","0.0","33.813","0.004905","Match"
"60.4","0.0","59.708","-0.1962"," ","51.6","0.0","33.912","0.00981","Match"
"60.5","0.0","59.807","-0.134397"," ","51.7","0.0","34.011","-0.00981","Match"
"60.6","0.0","59.918","-0.028449"," ","51.8","0.0","34.129","0.00981","Match"
"60.7","0.0","60.004","-0.028449"," ","51.9","0.0","34.208","0.014715","Match"
"60.8","0.0","60.103","0.004905"," ","52.0","0.0","34.307","-0.00981","Match"
"60.9","0.0","60.202","0.00981"," ","52.1","0.0","34.406","-0.01962","Match"
"61.0","0.0","60.3","-0.004905"," ","52.2","0.0","34.513","-0.023544","Match"
"61.1","0.0","60.399","-0.004905"," ","52.3","0.0","34.603","-0.023544","Match"
"61.2","0.0","60.517","0.0"," ","52.4","0.0","34.729","0.01962","Match"
"61.3","0.0","60.597","-0.004905"," ","52.5","0.0","34.801","0.0","Match"
"61.4","0.0","60.696","0.0"," ","52.6","0.0","34.9","-0.00981","Match"
"61.5","0.0","60.795","0.0"," ","52.7","0.0","34.999","-0.014715","Match"
"61.6","0.0","60.893","-0.014715"," ","52.8","0.0","35.117","-0.028449","Match"
"61.7","0.0","60.992","-0.004905"," ","52.9","0.0","35.196","-0.00981","Match"
"61.8","0.0","61.111","0.004905"," ","53.0","0.0","35.334","0.01962","Match"
"61.9","0.0","61.19","0.004905"," ","53.1","0.0","35.394","0.0","Match"
"62.0","0.0","61.329","-0.004905"," ","53.2","0.0","35.497","0.0","Match"
"62.1","0.0","61.388","-0.01962"," ","53.3","0.0","35.592","-0.004905","Match"
"62.2","0.0","61.488","-0.004905"," ","53.4","0.0","35.722","0.0","Match"
"62.3","0.0","61.586","-0.00981"," ","53.5","0.0","35.79","-0.00981","Match"
"62.4","0.0","61.684","0.004905"," ","53.6","0.0","35.889","-0.004905","Match"
"62.5","0.0","61.784","-0.00981"," ","53.7","0.0","35.988","-0.004905","Match"
"62.6","0.0","61.917","0.0"," ","53.8","0.0","36.102","-0.004905","Match"
"62.7","0.0","61.981","0.0"," ","53.9","0.0","36.185","-0.004905","Match"
"62.8","0.0","62.079","0.0"," ","54.0","0.0","36.323","-0.004905","Match"
"62.9","0.0","62.178","-0.004905"," ","54.1","0.0","36.383","0.00981","Match"
"63.0","0.0","62.278","-0.004905"," ","54.2","0.0","36.481","-0.00981","Match"
"63.1","0.0","62.377","-0.014715"," ","54.3","0.0","36.581","-0.014715","Match"
"63.2","0.0","62.475","-0.00981"," ","54.4","0.0","36.679","-0.004905","Match"
"63.3","0.0","62.574","0.004905"," ","54.5","0.0","36.778","0.00981","Match"
"63.4","0.0","62.674","-0.01962"," ","54.6","0.0","36.877","0.0","Match"
"63.5","0.0","62.771","-0.01962"," ","54.7","0.0","36.975","-0.00981","Match"
"63.6","0.0","62.87","-0.004905"," ","54.8","0.0","37.075","-0.004905","Match"
"63.7","0.0","62.971","-0.01962"," ","54.9","0.0","37.173","0.00981","Match"
"63.8","0.0","63.068","-0.00981"," ","55.0","0.0","37.273","-0.014715","Match"
"63.9","0.0","63.167","-0.00981"," ","55.1","0.0","37.371","0.00981","Match"
"64.0","0.0","63.266","0.004905"," ","55.2","0.0","37.47","-0.00981","Match"
"64.1","0.0","63.365","-0.00981"," ","55.3","0.0","37.569","-0.00981","Match"
"64.2","0.0","63.464","-0.023544"," ","55.4","0.0","37.668","-0.014715","Match"
"64.3","0.0","63.572","-0.014715"," ","55.5","0.0","37.766","-0.004905","Match"
"64.4","0.0","63.661","-0.01962"," ","55.6","0.0","37.866","-0.004905","Match"
"64.5","0.0","63.787","0.004905"," ","55.7","0.0","37.964","0.00981","Match"
"64.6","0.0","63.858","0.014715"," ","55.8","0.0","38.063","0.004905","Match"
"64.7","0.0","63.958","0.004905"," ","55.9","0.0","38.176","-0.014715","Match"
"64.8","0.0","64.056","-0.00981"," ","56.0","0.0","38.261","0.0","Match"
"64.9","0.0","64.158","0.004905"," ","56.1","0.0","38.396","-0.004905","Match"
"65.0","0.0","64.254","-0.004905"," ","56.2","0.0","38.458","-0.004905","Match"
"65.1","0.0","64.378","0.0"," ","56.3","0.0","38.565","0.0","Match"
"65.2","0.0","64.452","0.014715"," ","56.4","0.0","38.656","-0.004905","Match"
"65.3","0.0","64.55","-0.00981"," ","56.5","0.0","38.775","0.0","Match"
"65.4","0.0","64.649","-0.004905"," ","56.6","0.0","38.854","0.00981","Match"
"65.5","0.0","64.748","0.0"," ","56.7","0.1","38.954","0.114777","Match"
"65.6","0.0","64.847","0.0"," ","56.8","0.2","-","-","Deletion"
"65.7","0.0","64.963","-0.004905"," ","-","-","39.052","0.249174","Insertion"
"65.8","0.0","65.045","-0.014715"," ","56.9","0.3","39.151","0.310977","Match"
"65.9","0.0","65.162","-0.004905"," ","57.0","0.4","-","-","Deletion"
"66.0","0.0","65.242","0.004905"," ","57.1","0.5","39.249","0.473823","Match"
"66.1","0.0","65.342","0.004905"," ","57.2","0.6","-","-","Deletion"
"66.2","0.0","65.44","-0.00981"," ","-","-","39.387","0.560151","Insertion"
"66.3","0.0","65.54","-0.004905"," ","57.3","0.7","39.447","0.704358","Match"
"66.4","0.0","65.639","-0.00981"," ","-","-","39.552","0.742617","Insertion"
"66.5","0.0","65.737","0.0"," ","57.4","0.7","39.645","0.732807","Match"
"66.6","0.0","65.835","0.0"," ","57.5","0.7","39.77","0.704358","Match"
"66.7","0.0","65.934","-0.014715"," ","57.6","0.7","39.842","0.694548","Match"
"66.8","0.0","66.033","-0.00981"," ","57.7","0.7","39.941","0.689643","Match"
"66.9","0.0","66.132","-0.004905"," ","-","-","40.041","0.742617","Insertion"
"67.0","0.0","66.231","-0.004905"," ","57.8","0.7","40.139","0.704358","Match"
"67.1","0.0","66.331","0.0"," ","57.9","0.7","40.237","0.722997","Match"
"67.2","0.0","66.429","-0.00981"," ","58.0","0.7","40.374","0.666099","Match"
"67.3","0.0","66.528","-0.00981"," ","58.1","0.628571","-","-","Deletion"
"67.4","0.0","66.633","-0.00981"," ","58.2","0.528571","-","-","Deletion"
"67.5","0.0","66.725","-0.00981"," ","58.3","0.428571","40.435","0.435564","Match"
"67.6","0.0","66.825","-0.014715"," ","-","-","40.535","0.426735","Insertion"
"67.7","0.0","66.923","0.004905"," ","58.4","0.328571","40.634","0.320787","Match"
"67.8","0.0","67.022","0.0"," ","58.5","0.228571","40.732","0.1962","Match"
"67.9","0.0","67.12","0.004905"," ","58.6","0.128571","40.831","0.124587","Match"
"68.0","0.0","67.22","-0.004905"," ","58.7","0.028571","-","-","Deletion"
"68.1","0.0","67.318","0.0"," ","58.8","0.0","-","-","Deletion"
"68.2","0.0","67.417","-0.00981"," ","58.9","0.0","-","-","Deletion"
"68.3","0.0","67.516","-0.004905"," ","59.0","0.0","-","-","Deletion"
"68.4","0.0","67.615","0.0"," ","59.1","0.0","-","-","Deletion"
"68.5","0.0","67.714","-0.004905"," ","59.2","0.0","-","-","Deletion"
"68.6","0.0","67.812","-0.004905"," ","59.3","0.0","-","-","Deletion"
"68.7","0.0","67.912","0.0"," ","59.4","0.0","-","-","Deletion"
"68.8","0.0","68.01","0.0"," ","59.5","0.0","-","-","Deletion"
"68.9","0.0","68.109","-0.00981"," ","59.6","0.0","-","-","Deletion"
"69.0","0.0","68.208","-0.004905"," ","59.7","0.0","-","-","Deletion"
"69.1","0.0","68.307","0.004905"," ","59.8","0.0","-","-","Deletion"
"69.2","0.0","68.406","0.004905"," ","59.9","0.0","-","-","Deletion"
"69.3","0.0","68.505","-0.004905"," ","60.0","0.0","-","-","Deletion"
"69.4","0.0"," "," "," ","60.1","0.0","-","-","Deletion"
"69.5","0.0"," "," "," ","60.2","0.0","-","-","Deletion"
"69.6","0.0"," "," "," ","60.3","0.0","-","-","Deletion"
"69.7","0.0"," "," "," ","60.4","0.0","-","-","Deletion"
"69.8","0.0"," "," "," ","60.5","0.0","-","-","Deletion"
"69.9","0.0"," "," "," ","60.6","0.0","-","-","Deletion"
"70.0","0.0"," "," "," ","60.7","0.0","-","-","Deletion"
"70.1","0.0"," "," "," ","60.8","0.0","-","-","Deletion"
"70.2","0.0"," "," "," ","60.9","0.0","-","-","Deletion"
"70.3","0.0"," "," "," ","61.0","0.0","-","-","Deletion"
"70.4","0.0"," "," "," ","61.1","0.0","-","-","Deletion"
"70.5","0.0"," "," "," ","61.2","0.0","-","-","Deletion"
"70.6","0.0"," "," "," ","61.3","0.0","-","-","Deletion"
"70.7","0.0"," "," "," ","61.4","0.0","-","-","Deletion"
"70.8","0.0"," "," "," ","61.5","0.0","-","-","Deletion"
"70.9","0.0"," "," "," ","61.6","0.0","-","-","Deletion"
"71.0","0.0"," "," "," ","61.7","0.0","-","-","Deletion"
"71.1","0.0"," "," "," ","61.8","0.0","-","-","Deletion"
"71.2","0.0"," "," "," ","61.9","0.0","-","-","Deletion"
"71.3","0.0"," "," "," ","62.0","0.0","-","-","Deletion"
"71.4","0.0"," "," "," ","62.1","0.0","-","-","Deletion"
"71.5","0.0"," "," "," ","62.2","0.0","-","-","Deletion"
"71.6","0.0"," "," "," ","62.3","0.0","-","-","Deletion"
"71.7","0.0"," "," "," ","62.4","0.0","-","-","Deletion"
"71.8","0.0"," "," "," ","62.5","0.0","-","-","Deletion"
"71.9","0.0"," "," "," ","62.6","0.0","-","-","Deletion"
"72.0","0.0"," "," "," ","62.7","0.0","-","-","Deletion"
"72.1","0.0"," "," "," ","62.8","0.0","-","-","Deletion"
"72.2","0.0"," "," "," ","-","-","40.93","-0.061803","Insertion"
"72.3","0.0"," "," "," ","62.9","0.0","41.034","-0.004905","Match"
"72.4","0.0"," "," "," ","63.0","0.0","41.127","0.033354","Match"
"72.5","0.0"," "," "," ","63.1","0.0","41.244","0.004905","Match"
"72.6","0.0"," "," "," ","63.2","0.0","41.325","0.004905","Match"
"72.7","0.0"," "," "," ","-","-","41.452","-0.043164","Insertion"
"72.8","0.0"," "," "," ","63.3","0.0","41.523","0.028449","Match"
"72.9","0.0"," "," "," ","63.4","0.0","41.622","0.014715","Match"
"73.0","-0.08"," "," "," ","63.5","0.0","41.721","0.00981","Match"
"73.1","-0.18"," "," "," ","63.6","0.0","41.82","-0.00981","Match"
"73.2","-0.28"," "," "," ","-","-","41.919","-0.057879","Insertion"
"73.3","-0.38"," "," "," ","-","-","42.026","0.038259","Insertion"
"73.4","-0.48"," "," "," ","63.7","0.0","42.116","-0.023544","Match"
"73.5","-0.58"," "," "," ","63.8","0.0","42.245","-0.023544","Match"
"73.6","-0.68"," "," "," ","63.9","0.0","42.314","-0.014715","Match"
"73.7","-0.7"," "," "," ","64.0","0.0","42.413","-0.004905","Match"
"73.8","-0.7"," "," "," ","-","-","42.512","0.052974","Insertion"
"73.9","-0.7"," "," "," ","-","-","42.614","-0.052974","Insertion"
"74.0","-0.7"," "," "," ","-","-","42.709","0.076518","Insertion"
"74.1","-0.7"," "," "," ","-","-","42.835","-0.119682","Insertion"
"74.2","-0.7"," "," "," ","-","-","42.907","0.134397","Insertion"
"74.3","-0.7"," "," "," ","-","-","43.006","-0.076518","Insertion"
"74.4","-0.648571"," "," "," ","-","-","43.105","0.048069","Insertion"
"74.5","-0.548571"," "," "," ","64.1","0.0","43.203","-0.033354","Match"
"74.6","-0.448571"," "," "," ","64.2","0.0","43.302","-0.023544","Match"
"74.7","-0.348571"," "," "," ","64.3","0.0","43.427","0.023544","Match"
"74.8","-0.248571"," "," "," ","64.4","0.0","43.499","-0.01962","Match"
"74.9","-0.148571"," "," "," ","64.5","0.0","43.599","0.023544","Match"
"75.0","-0.048571"," "," "," ","64.6","0.0","43.697","0.028449","Match"
"75.1","0.0"," "," "," ","-","-","43.797","-0.043164","Insertion"
"75.2","0.0"," "," "," ","64.7","0.0","43.895","-0.004905","Match"
"75.3","0.0"," "," "," ","64.8","0.0","43.995","0.023544","Match"
"75.4","0.0"," "," "," ","-","-","44.094","-0.038259","Insertion"
"75.5","0.0"," "," "," ","64.9","0.0","44.193","0.004905","Match"
"75.6","0.0"," "," "," ","-","-","44.291","-0.057879","Insertion"
"75.7","0.0"," "," "," ","-","-","44.389","0.057879","Insertion"
"75.8","0.0"," "," "," ","65.0","0.0","44.488","-0.028449","Match"
"75.9","0.0"," "," "," ","65.1","0.0","44.587","0.014715","Match"
"76.0","0.0"," "," "," ","-","-","44.686","-0.061803","Insertion"
"76.1","0.0"," "," "," ","65.2","0.0","44.786","-0.004905","Match"
"76.2","0.0"," "," "," ","65.3","0.0","44.884","-0.028449","Match"
"76.3","0.0"," "," "," ","65.4","0.0","44.983","0.028449","Match"
"76.4","0.0"," "," "," ","65.5","0.0","45.081","-0.033354","Match"
"76.5","0.0"," "," "," ","65.6","0.0","45.18","0.004905","Match"
"76.6","0.0"," "," "," ","-","-","45.301","-0.038259","Insertion"
"76.7","0.0"," "," "," ","65.7","0.0","45.378","-0.014715","Match"
"76.8","0.0"," "," "," ","65.8","0.0","45.477","0.004905","Match"
"76.9","0.0"," "," "," ","65.9","0.0","45.576","-0.028449","Match"
"77.0","0.0"," "," "," ","66.0","0.0","45.684","0.028449","Match"
"77.1","0.0"," "," "," ","-","-","45.774","-0.081423","Insertion"
"77.2","0.0"," "," "," ","-","-","45.884","0.086328","Insertion"
"77.3","0.0"," "," "," ","-","-","45.972","-0.096138","Insertion"
"77.4","0.0"," "," "," ","66.1","0.0","46.089","0.0","Match"
"77.5","0.0"," "," "," ","66.2","0.0","46.169","-0.00981","Match"
"77.6","0.0"," "," "," ","66.3","0.0","46.29","0.028449","Match"
"77.7","0.0"," "," "," ","66.4","0.0","46.366","-0.028449","Match"
"77.8","0.0"," "," "," ","-","-","46.466","0.052974","Insertion"
"77.9","0.0"," "," "," ","-","-","46.564","-0.066708","Insertion"
"78.0","0.0"," "," "," ","-","-","46.664","0.061803","Insertion"
"78.1","0.0"," "," "," ","-","-","46.762","-0.109872","Insertion"
"78.2","0.0"," "," "," ","66.5","0.0","46.861","0.028449","Match"
"78.3","0.0"," "," "," ","66.6","0.0","46.96","0.01962","Match"
"78.4","0.0"," "," "," ","66.7","0.0","47.058","-0.01962","Match"
"78.5","0.0"," "," "," ","66.8","0.0","47.158","0.033354","Match"
"78.6","0.0"," "," "," ","-","-","47.256","-0.048069","Insertion"
"78.7","0.0"," "," "," ","-","-","47.355","0.038259","Insertion"
"78.8","0.0"," "," "," ","-","-","47.454","-0.076518","Insertion"
"78.9","0.0"," "," "," ","-","-","47.553","0.076518","Insertion"
"79.0","0.0"," "," "," ","66.9","0.0","47.651","-0.01962","Match"
"79.1","0.0"," "," "," ","-","-","47.75","0.052974","Insertion"
"79.2","0.0"," "," "," ","67.0","0.0","47.848","-0.01962","Match"
"79.3","0.0"," "," "," ","67.1","0.0","47.948","0.023544","Match"
"79.4","0.0"," "," "," ","-","-","48.099","-0.048069","Insertion"
"79.5","0.0"," "," "," ","-","-","48.145","0.038259","Insertion"
"79.6","0.0"," "," "," ","67.2","0.0","48.244","-0.023544","Match"
"79.7","0.0"," "," "," ","67.3","0.0","48.342","0.014715","Match"
"79.8","0.0"," "," "," ","67.4","0.0","48.442","-0.014715","Match"
"79.9","0.0"," "," "," ","67.5","0.0","48.541","0.00981","Match"
"80.0","0.0"," "," "," ","67.6","0.0","48.64","-0.004905","Match"
"80.1","0.0"," "," "," ","67.7","0.0","48.738","-0.01962","Match"
"80.2","0.0"," "," "," ","67.8","0.0","48.836","-0.004905","Match"
"80.3","0.0"," "," "," ","-","-","48.935","-0.057879","Insertion"
"80.4","0.0"," "," "," ","-","-","49.035","0.052974","Insertion"
"80.5","0.0"," "," "," ","-","-","49.134","-0.038259","Insertion"
"80.6","0.0"," "," "," ","-","-","49.233","-0.038259","Insertion"
"80.7","0.0"," "," "," ","-","-","49.343","-0.043164","Insertion"
"80.8","0.0"," "," "," ","-","-","49.43","0.057879","Insertion"
"80.9","0.0"," "," "," ","-","-","49.528","-0.038259","Insertion"
"81.0","0.0"," "," "," ","67.9","0.0","49.627","-0.004905","Match"
"81.1","0.0"," "," "," ","68.0","0.0","49.733","-0.01962","Match"
"81.2","0.0"," "," "," ","68.1","0.0","49.824","0.01962","Match"
"81.3","0.0"," "," "," ","-","-","49.952","0.038259","Insertion"
"81.4","0.0"," "," "," ","-","-","50.022","-0.048069","Insertion"
"81.5","0.0"," "," "," ","68.2","0.0","50.122","0.004905","Match"
"81.6","0.0"," "," "," ","-","-","50.221","-0.043164","Insertion"
"81.7","0.0"," "," "," ","68.3","0.0","50.318","0.033354","Match"
"81.8","0.0"," "," "," ","-","-","50.418","-0.048069","Insertion"
"81.9","0.0"," "," "," ","68.4","0.0","50.517","0.01962","Match"
"82.0","0.0"," "," "," ","68.5","0.0","50.616","0.00981","Match"
"82.1","0.0"," "," "," ","-","-","50.715","0.043164","Insertion"
"82.2","0.0"," "," "," ","-","-","50.813","-0.076518","Insertion"
"82.3","0.0"," "," "," ","-","-","50.912","0.081423","Insertion"
"82.4","0.0"," "," "," ","-","-","51.011","-0.057879","Insertion"
"82.5","0.0"," "," "," ","-","-","51.145","0.043164","Insertion"
"82.6","0.0"," "," "," ","-","-","51.208","-0.086328","Insertion"
"82.7","0.0"," "," "," ","68.6","0.0","51.307","0.023544","Match"
"82.8","0.0"," "," "," ","-","-","51.406","-0.038259","Insertion"
"82.9","0.0"," "," "," ","68.7","0.0","51.505","0.023544","Match"
"83.0","0.0"," "," "," ","68.8","0.0","51.604","-0.004905","Match"
"83.1","0.0"," "," "," ","68.9","0.0","51.703","-0.004905","Match"
"83.2","0.0"," "," "," ","69.0","0.0","51.801","0.004905","Match"
"83.3","0.0"," "," "," ","69.1","0.0","51.901","0.004905","Match"
"83.4","0.0"," "," "," ","69.2","0.0","51.999","0.00981","Match"
" "," "," "," "," ","-","-","52.097","-0.038259","Insertion"
" "," "," "," "," ","69.3","0.0","52.197","0.00981","Match"
" "," "," "," "," ","-","-","52.296","-0.038259","Insertion"
" "," "," "," "," ","-","-","52.394","0.066708","Insertion"
" "," "," "," "," ","-","-","52.493","-0.061803","Insertion"
" "," "," "," "," ","69.4","0.0","52.596","-0.014715","Match"
" "," "," "," "," ","-","-","52.691","0.043164","Insertion"
" "," "," "," "," ","69.5","0.0","52.819","-0.028449","Match"
" "," "," "," "," ","69.6","0.0","52.889","-0.033354","Match"
" "," "," "," "," ","69.7","0.0","52.988","-0.023544","Match"
" "," "," "," "," ","69.8","0.0","53.086","-0.004905","Match"
" "," "," "," "," ","-","-","53.19","0.071613","Insertion"
" "," "," "," "," ","69.9","0.0","53.284","-0.00981","Match"
" "," "," "," "," ","-","-","53.409","-0.057879","Insertion"
" "," "," "," "," ","70.0","0.0","53.481","-0.00981","Match"
" "," "," "," "," ","-","-","53.581","-0.066708","Insertion"
" "," "," "," "," ","70.1","0.0","53.68","0.028449","Match"
" "," "," "," "," ","70.2","0.0","53.794","-0.00981","Match"
" "," "," "," "," ","-","-","53.878","0.057879","Insertion"
" "," "," "," "," ","-","-","54.015","-0.071613","Insertion"
" "," "," "," "," ","70.3","0.0","54.075","0.01962","Match"
" "," "," "," "," ","70.4","0.0","54.173","-0.033354","Match"
" "," "," "," "," ","70.5","0.0","54.273","0.023544","Match"
" "," "," "," "," ","-","-","54.399","-0.043164","Insertion"
" "," "," "," "," ","-","-","54.47","0.043164","Insertion"
" "," "," "," "," ","70.6","0.0","54.569","-0.028449","Match"
" "," "," "," "," ","70.7","0.0","54.667","0.0","Match"
" "," "," "," "," ","-","-","54.767","-0.096138","Insertion"
" "," "," "," "," ","-","-","54.866","-0.1962","Insertion"
" "," "," "," "," ","-","-","54.997","-0.277623","Insertion"
" "," "," "," "," ","-","-","55.063","-0.42183","Insertion"
" "," "," "," "," ","-","-","55.162","-0.478728","Insertion"
" "," "," "," "," ","-","-","55.261","-0.603315","Insertion"
" "," "," "," "," ","-","-","55.36","-0.651384","Insertion"
" "," "," "," "," ","-","-","55.458","-0.709263","Insertion"
" "," "," "," "," ","-","-","55.557","-0.771066","Insertion"
" "," "," "," "," ","-","-","55.657","-0.709263","Insertion"
" "," "," "," "," ","-","-","55.755","-0.704358","Insertion"
" "," "," "," "," ","-","-","55.854","-0.684738","Insertion"
" "," "," "," "," ","-","-","55.952","-0.752427","Insertion"
" "," "," "," "," ","-","-","56.052","-0.684738","Insertion"
" "," "," "," "," ","-","-","56.15","-0.646479","Insertion"
" "," "," "," "," ","-","-","56.264","-0.435564","Insertion"
" "," "," "," "," ","-","-","56.347","-0.359046","Insertion"
" "," "," "," "," ","-","-","56.48","-0.229554","Insertion"
" "," "," "," "," ","-","-","56.545","-0.162846","Insertion"
" "," "," "," "," ","-","-","56.644","-0.048069","Insertion"
" "," "," "," "," ","70.8","0.0","56.743","0.0","Match"
" "," "," "," "," ","70.9","0.0","56.847","0.004905","Match"
" "," "," "," "," ","71.0","0.0","56.941","-0.028449","Match"
" "," "," "," "," ","71.1","0.0","57.065","0.0","Match"
" "," "," "," "," ","71.2","0.0","57.138","0.01962","Match"
" "," "," "," "," ","71.3","0.0","57.237","0.014715","Match"
" "," "," "," "," ","-","-","57.336","-0.038259","Insertion"
" "," "," "," "," ","71.4","0.0","57.434","-0.023544","Match"
" "," "," "," "," ","71.5","0.0","57.534","0.023544","Match"
" "," "," "," "," ","71.6","0.0","57.65","0.004905","Match"
" "," "," "," "," ","71.7","0.0","57.731","-0.004905","Match"
" "," "," "," "," ","-","-","57.871","-0.048069","Insertion"
" "," "," "," "," ","71.8","0.0","57.928","0.033354","Match"
" "," "," "," "," ","71.9","0.0","58.028","0.004905","Match"
" "," "," "," "," ","72.0","0.0","58.127","0.004905","Match"
" "," "," "," "," ","-","-","58.225","-0.043164","Insertion"
" "," "," "," "," ","72.1","0.0","58.324","0.01962","Match"
" "," "," "," "," ","72.2","0.0","58.459","0.033354","Match"
" "," "," "," "," ","72.3","0.0","58.521","-0.033354","Match"
" "," "," "," "," ","72.4","0.0","58.621","-0.014715","Match"
" "," "," "," "," ","72.5","0.0","58.719","-0.028449","Match"
" "," "," "," "," ","-","-","58.819","0.066708","Insertion"
" "," "," "," "," ","72.6","0.0","58.917","-0.028449","Match"
" "," "," "," "," ","72.7","0.0","59.016","-0.004905","Match"
" "," "," "," "," ","72.8","0.0","59.115","0.004905","Match"
" "," "," "," "," ","72.9","0.0","59.214","0.0","Match"
" "," "," "," "," ","-","-","59.313","0.038259","Insertion"
" "," "," "," "," ","73.0","-0.08","59.411","-0.096138","Match"
" "," "," "," "," ","73.1","-0.18","59.51","-0.153036","Match"
" "," "," "," "," ","73.2","-0.28","-","-","Deletion"
" "," "," "," "," ","73.3","-0.38","-","-","Deletion"
" "," "," "," "," ","73.4","-0.48","-","-","Deletion"
" "," "," "," "," ","73.5","-0.58","-","-","Deletion"
" "," "," "," "," ","73.6","-0.68","-","-","Deletion"
" "," "," "," "," ","73.7","-0.7","-","-","Deletion"
" "," "," "," "," ","73.8","-0.7","-","-","Deletion"
" "," "," "," "," ","73.9","-0.7","-","-","Deletion"
" "," "," "," "," ","74.0","-0.7","-","-","Deletion"
" "," "," "," "," ","74.1","-0.7","-","-","Deletion"
" "," "," "," "," ","74.2","-0.7","-","-","Deletion"
" "," "," "," "," ","74.3","-0.7","-","-","Deletion"
" "," "," "," "," ","74.4","-0.648571","-","-","Deletion"
" "," "," "," "," ","74.5","-0.548571","-","-","Deletion"
" "," "," "," "," ","74.6","-0.448571","-","-","Deletion"
" "," "," "," "," ","74.7","-0.348571","-","-","Deletion"
" "," "," "," "," ","74.8","-0.248571","-","-","Deletion"
" "," "," "," "," ","-","-","59.609","-0.18639","Insertion"
" "," "," "," "," ","-","-","59.708","-0.1962","Insertion"
" "," "," "," "," ","74.9","-0.148571","59.807","-0.134397","Match"
" "," "," "," "," ","75.0","-0.048571","59.918","-0.028449","Match"
" "," "," "," "," ","75.1","0.0","60.004","-0.028449","Match"
" "," "," "," "," ","75.2","0.0","60.103","0.004905","Match"
" "," "," "," "," ","75.3","0.0","60.202","0.00981","Match"
" "," "," "," "," ","75.4","0.0","60.3","-0.004905","Match"
" "," "," "," "," ","75.5","0.0","60.399","-0.004905","Match"
" "," "," "," "," ","75.6","0.0","60.517","0.0","Match"
" "," "," "," "," ","75.7","0.0","60.597","-0.004905","Match"
" "," "," "," "," ","75.8","0.0","60.696","0.0","Match"
" "," "," "," "," ","75.9","0.0","60.795","0.0","Match"
" "," "," "," "," ","76.0","0.0","60.893","-0.014715","Match"
" "," "," "," "," ","76.1","0.0","60.992","-0.004905","Match"
" "," "," "," "," ","76.2","0.0","61.111","0.004905","Match"
" "," "," "," "," ","76.3","0.0","61.19","0.004905","Match"
" "," "," "," "," ","76.4","0.0","61.329","-0.004905","Match"
" "," "," "," "," ","76.5","0.0","61.388","-0.01962","Match"
" "," "," "," "," ","76.6","0.0","61.488","-0.004905","Match"
" "," "," "," "," ","76.7","0.0","61.586","-0.00981","Match"
" "," "," "," "," ","76.8","0.0","61.684","0.004905","Match"
" "," "," "," "," ","76.9","0.0","61.784","-0.00981","Match"
" "," "," "," "," ","77.0","0.0","61.917","0.0","Match"
" "," "," "," "," ","77.1","0.0","61.981","0.0","Match"
" "," "," "," "," ","77.2","0.0","62.079","0.0","Match"
" "," "," "," "," ","77.3","0.0","62.178","-0.004905","Match"
" "," "," "," "," ","77.4","0.0","62.278","-0.004905","Match"
" "," "," "," "," ","77.5","0.0","62.377","-0.014715","Match"
" "," "," "," "," ","77.6","0.0","62.475","-0.00981","Match"
" "," "," "," "," ","77.7","0.0","62.574","0.004905","Match"
" "," "," "," "," ","77.8","0.0","62.674","-0.01962","Match"
" "," "," "," "," ","77.9","0.0","62.771","-0.01962","Match"
" "," "," "," "," ","78.0","0.0","62.87","-0.004905","Match"
" "," "," "," "," ","78.1","0.0","62.971","-0.01962","Match"
" "," "," "," "," ","78.2","0.0","63.068","-0.00981","Match"
" "," "," "," "," ","78.3","0.0","63.167","-0.00981","Match"
" "," "," "," "," ","78.4","0.0","63.266","0.004905","Match"
" "," "," "," "," ","78.5","0.0","63.365","-0.00981","Match"
" "," "," "," "," ","78.6","0.0","63.464","-0.023544","Match"
" "," "," "," "," ","78.7","0.0","63.572","-0.014715","Match"
" "," "," "," "," ","78.8","0.0","63.661","-0.01962","Match"
" "," "," "," "," ","78.9","0.0","63.787","0.004905","Match"
" "," "," "," "," ","79.0","0.0","63.858","0.014715","Match"
" "," "," "," "," ","79.1","0.0","63.958","0.004905","Match"
" "," "," "," "," ","79.2","0.0","64.056","-0.00981","Match"
" "," "," "," "," ","79.3","0.0","64.158","0.004905","Match"
" "," "," "," "," ","79.4","0.0","64.254","-0.004905","Match"
" "," "," "," "," ","79.5","0.0","64.378","0.0","Match"
" "," "," "," "," ","79.6","0.0","64.452","0.014715","Match"
" "," "," "," "," ","79.7","0.0","64.55","-0.00981","Match"
" "," "," "," "," ","79.8","0.0","64.649","-0.004905","Match"
" "," "," "," "," ","79.9","0.0","64.748","0.0","Match"
" "," "," "," "," ","80.0","0.0","64.847","0.0","Match"
" "," "," "," "," ","80.1","0.0","64.963","-0.004905","Match"
" "," "," "," "," ","80.2","0.0","65.045","-0.014715","Match"
" "," "," "," "," ","80.3","0.0","65.162","-0.004905","Match"
" "," "," "," "," ","80.4","0.0","65.242","0.004905","Match"
" "," "," "," "," ","80.5","0.0","65.342","0.004905","Match"
" "," "," "," "," ","80.6","0.0","65.44","-0.00981","Match"
" "," "," "," "," ","80.7","0.0","65.54","-0.004905","Match"
" "," "," "," "," ","80.8","0.0","65.639","-0.00981","Match"
" "," "," "," "," ","80.9","0.0","65.737","0.0","Match"
" "," "," "," "," ","81.0","0.0","65.835","0.0","Match"
" "," "," "," "," ","81.1","0.0","65.934","-0.014715","Match"
" "," "," "," "," ","81.2","0.0","66.033","-0.00981","Match"
" "," "," "," "," ","81.3","0.0","66.132","-0.004905","Match"
" "," "," "," "," ","81.4","0.0","66.231","-0.004905","Match"
" "," "," "," "," ","81.5","0.0","66.331","0.0","Match"
" "," "," "," "," ","81.6","0.0","66.429","-0.00981","Match"
" "," "," "," "," ","81.7","0.0","66.528","-0.00981","Match"
" "," "," "," "," ","81.8","0.0","66.633","-0.00981","Match"
" "," "," "," "," ","81.9","0.0","66.725","-0.00981","Match"
" "," "," "," "," ","82.0","0.0","66.825","-0.014715","Match"
" "," "," "," "," ","82.1","0.0","66.923","0.004905","Match"
" "," "," "," "," ","82.2","0.0","67.022","0.0","Match"
" "," "," "," "," ","82.3","0.0","67.12","0.004905","Match"
" "," "," "," "," ","82.4","0.0","67.22","-0.004905","Match"
" "," "," "," "," ","82.5","0.0","67.318","0.0","Match"
" "," "," "," "," ","82.6","0.0","67.417","-0.00981","Match"
" "," "," "," "," ","82.7","0.0","67.516","-0.004905","Match"
" "," "," "," "," ","82.8","0.0","67.615","0.0","Match"
" "," "," "," "," ","82.9","0.0","67.714","-0.004905","Match"
" "," "," "," "," ","83.0","0.0","67.812","-0.004905","Match"
" "," "," "," "," ","83.1","0.0","67.912","0.0","Match"
" "," "," "," "," ","83.2","0.0","68.01","0.0","Match"
" "," "," "," "," ","83.3","0.0","68.109","-0.00981","Match"
" "," "," "," "," ","83.4","0.0","68.208","-0.004905","Match"
" "," "," "," "," ","-","-","68.307","0.004905","Insertion"
" "," "," "," "," ","-","-","68.406","0.004905","Insertion"
" "," "," "," "," ","-","-","68.505","-0.004905","Insertion"
