"DTor-timestamp","DTor-servo1","DTor-servo4","DTor-servo5","DTor-servo2","DTor-servo3","DTor-servo6","PTor-timestamp","PTor-servo1","PTor-servo4","PTor-servo5","PTor-servo2","PTor-servo3","PTor-servo6",,"DTal-timestamp","DTal-servo1","DTal-servo4","DTal-servo5","DTal-servo2","DTal-servo3","DTal-servo6","PTal-timestamp","PTal-servo1","PTal-servo4","PTal-servo5","PTal-servo2","PTal-servo3","PTal-servo6","operationApplied",
"-1","180.0","180.0","180.0","165.0","180.0","73.0","-1","180.0","180.0","180.0","165.0","180.0","73.0"," ","-1","180.0","180.0","180.0","165.0","180.0","73.0","-1","180.0","180.0","180.0","165.0","180.0","73.0","Match"
"20","90.0","90.0","90.0","90.0","90.0","73.0","0","90.0","90.0","90.0","90.0","90.0","73.0"," ","20","90.0","90.0","90.0","90.0","90.0","73.0","0","90.0","90.0","90.0","90.0","90.0","73.0","Match"
"100","90.0","105.0","90.0","90.0","106.0","62.0","100","90.0","90.0","90.0","90.0","90.0","73.0"," ","-","-","-","-","-","-","-","100","90.0","90.0","90.0","90.0","90.0","73.0","Insertion"
"200","90.0","123.0","90.0","90.0","126.0","48.0","200","90.0","90.0","90.0","90.0","90.0","73.0"," ","-","-","-","-","-","-","-","200","90.0","90.0","90.0","90.0","90.0","73.0","Insertion"
"300","90.0","141.0","90.0","90.0","146.0","34.0","300","90.0","90.0","90.0","90.0","90.0","73.0"," ","-","-","-","-","-","-","-","300","90.0","90.0","90.0","90.0","90.0","73.0","Insertion"
"400","90.0","159.0","90.0","90.0","166.0","20.0","400","90.0","90.0","90.0","90.0","90.0","73.0"," ","-","-","-","-","-","-","-","400","90.0","90.0","90.0","90.0","90.0","73.0","Insertion"
"500","90.0","172.0","90.0","90.0","180.0","10.0","500","90.0","90.0","90.0","90.0","90.0","73.0"," ","-","-","-","-","-","-","-","500","90.0","90.0","90.0","90.0","90.0","73.0","Insertion"
"600","90.0","172.0","90.0","90.0","180.0","10.0","600","90.0","90.0","90.0","90.0","90.0","73.0"," ","-","-","-","-","-","-","-","600","90.0","90.0","90.0","90.0","90.0","73.0","Insertion"
"700","90.0","172.0","90.0","90.0","180.0","10.0","700","90.0","90.0","90.0","90.0","90.0","73.0"," ","-","-","-","-","-","-","-","700","90.0","90.0","90.0","90.0","90.0","73.0","Insertion"
"800","90.0","172.0","90.0","90.0","180.0","10.0","800","90.0","90.0","90.0","90.0","90.0","73.0"," ","-","-","-","-","-","-","-","800","90.0","90.0","90.0","90.0","90.0","73.0","Insertion"
"900","90.0","172.0","90.0","90.0","180.0","10.0","900","90.0","90.0","90.0","90.0","90.0","73.0"," ","-","-","-","-","-","-","-","900","90.0","90.0","90.0","90.0","90.0","73.0","Insertion"
"1000","90.0","172.0","90.0","90.0","180.0","10.0","1000","90.0","90.0","90.0","90.0","90.0","73.0"," ","-","-","-","-","-","-","-","1000","90.0","90.0","90.0","90.0","90.0","73.0","Insertion"
"1100","90.0","172.0","90.0","90.0","180.0","10.0","1100","90.0","90.0","90.0","90.0","90.0","73.0"," ","-","-","-","-","-","-","-","1100","90.0","90.0","90.0","90.0","90.0","73.0","Insertion"
"1200","90.0","172.0","90.0","90.0","180.0","10.0","1200","90.0","90.0","90.0","90.0","90.0","73.0"," ","-","-","-","-","-","-","-","1200","90.0","90.0","90.0","90.0","90.0","73.0","Insertion"
"1300","90.0","172.0","90.0","90.0","180.0","10.0","1300","90.0","90.0","90.0","90.0","90.0","73.0"," ","-","-","-","-","-","-","-","1300","90.0","90.0","90.0","90.0","90.0","73.0","Insertion"
"1400","90.0","172.0","90.0","90.0","180.0","10.0","1400","90.0","90.0","90.0","90.0","90.0","73.0"," ","-","-","-","-","-","-","-","1400","90.0","90.0","90.0","90.0","90.0","73.0","Insertion"
"1500","90.0","172.0","90.0","90.0","180.0","10.0","1500","90.0","90.0","90.0","90.0","90.0","73.0"," ","-","-","-","-","-","-","-","1500","90.0","90.0","90.0","90.0","90.0","73.0","Insertion"
"1600","90.0","172.0","90.0","90.0","180.0","10.0","1600","90.0","90.0","90.0","90.0","90.0","73.0"," ","-","-","-","-","-","-","-","1600","90.0","90.0","90.0","90.0","90.0","73.0","Insertion"
"1700","90.0","172.0","90.0","90.0","180.0","10.0","1700","90.0","90.0","90.0","90.0","90.0","73.0"," ","-","-","-","-","-","-","-","1700","90.0","90.0","90.0","90.0","90.0","73.0","Insertion"
"1800","90.0","172.0","90.0","90.0","180.0","10.0","1800","90.0","90.0","90.0","90.0","90.0","73.0"," ","-","-","-","-","-","-","-","1800","90.0","90.0","90.0","90.0","90.0","73.0","Insertion"
"1900","90.0","172.0","90.0","90.0","180.0","10.0","1900","90.0","90.0","90.0","90.0","90.0","73.0"," ","-","-","-","-","-","-","-","1900","90.0","90.0","90.0","90.0","90.0","73.0","Insertion"
"2000","90.0","172.0","90.0","90.0","180.0","10.0","2000","90.0","90.0","90.0","90.0","90.0","73.0"," ","-","-","-","-","-","-","-","2000","90.0","90.0","90.0","90.0","90.0","73.0","Insertion"
"2100","90.0","172.0","90.0","90.0","180.0","10.0","2100","90.0","95.0","90.0","90.0","95.0","69.0"," ","100","90.0","105.0","90.0","90.0","106.0","62.0","2100","90.0","95.0","90.0","90.0","95.0","69.0","Match"
"2200","90.0","172.0","90.0","90.0","180.0","10.0","2200","90.0","107.0","90.0","90.0","109.0","59.0"," ","-","-","-","-","-","-","-","2200","90.0","107.0","90.0","90.0","109.0","59.0","Insertion"
"2300","90.0","172.0","90.0","90.0","180.0","10.0","2300","90.0","120.0","90.0","90.0","123.0","49.0"," ","200","90.0","123.0","90.0","90.0","126.0","48.0","2300","90.0","120.0","90.0","90.0","123.0","49.0","Match"
"2400","90.0","172.0","90.0","90.0","180.0","10.0","2400","90.0","133.0","90.0","90.0","137.0","39.0"," ","300","90.0","141.0","90.0","90.0","146.0","34.0","2400","90.0","133.0","90.0","90.0","137.0","39.0","Match"
"2500","90.0","172.0","90.0","90.0","180.0","10.0","2500","90.0","146.0","90.0","90.0","151.0","29.0"," ","-","-","-","-","-","-","-","2500","90.0","146.0","90.0","90.0","151.0","29.0","Insertion"
"2600","90.0","172.0","90.0","90.0","180.0","10.0","2600","90.0","158.0","90.0","90.0","165.0","20.0"," ","400","90.0","159.0","90.0","90.0","166.0","20.0","2600","90.0","158.0","90.0","90.0","165.0","20.0","Match"
"2700","90.0","172.0","90.0","90.0","180.0","10.0","2700","90.0","171.0","90.0","90.0","179.0","10.0"," ","500","90.0","172.0","90.0","90.0","180.0","10.0","2700","90.0","171.0","90.0","90.0","179.0","10.0","Match"
"2800","90.0","172.0","90.0","90.0","180.0","10.0","2800","90.0","172.0","90.0","90.0","180.0","10.0"," ","600","90.0","172.0","90.0","90.0","180.0","10.0","2800","90.0","172.0","90.0","90.0","180.0","10.0","Match"
"2900","90.0","172.0","90.0","90.0","180.0","10.0","2900","90.0","172.0","90.0","90.0","180.0","10.0"," ","700","90.0","172.0","90.0","90.0","180.0","10.0","2900","90.0","172.0","90.0","90.0","180.0","10.0","Match"
"3000","90.0","172.0","90.0","90.0","180.0","10.0","3000","90.0","172.0","90.0","90.0","180.0","10.0"," ","800","90.0","172.0","90.0","90.0","180.0","10.0","3000","90.0","172.0","90.0","90.0","180.0","10.0","Match"
"3100","90.0","172.0","90.0","90.0","180.0","10.0","3100","90.0","172.0","90.0","90.0","180.0","10.0"," ","900","90.0","172.0","90.0","90.0","180.0","10.0","3100","90.0","172.0","90.0","90.0","180.0","10.0","Match"
"3200","90.0","172.0","90.0","90.0","180.0","10.0","3200","90.0","172.0","90.0","90.0","180.0","10.0"," ","1000","90.0","172.0","90.0","90.0","180.0","10.0","3200","90.0","172.0","90.0","90.0","180.0","10.0","Match"
"3300","90.0","172.0","90.0","90.0","180.0","10.0","3300","90.0","172.0","90.0","90.0","180.0","10.0"," ","1100","90.0","172.0","90.0","90.0","180.0","10.0","3300","90.0","172.0","90.0","90.0","180.0","10.0","Match"
"3400","90.0","152.0","90.0","82.0","178.0","10.0","3400","90.0","172.0","90.0","90.0","180.0","10.0"," ","1200","90.0","172.0","90.0","90.0","180.0","10.0","3400","90.0","172.0","90.0","90.0","180.0","10.0","Match"
"3500","90.0","132.0","90.0","74.0","175.0","10.0","3500","90.0","172.0","90.0","90.0","180.0","10.0"," ","1300","90.0","172.0","90.0","90.0","180.0","10.0","3500","90.0","172.0","90.0","90.0","180.0","10.0","Match"
"3600","90.0","112.0","90.0","66.0","173.0","10.0","3600","90.0","172.0","90.0","90.0","180.0","10.0"," ","1400","90.0","172.0","90.0","90.0","180.0","10.0","3600","90.0","172.0","90.0","90.0","180.0","10.0","Match"
"3700","90.0","92.0","90.0","57.0","171.0","10.0","3700","90.0","172.0","90.0","90.0","180.0","10.0"," ","1500","90.0","172.0","90.0","90.0","180.0","10.0","3700","90.0","172.0","90.0","90.0","180.0","10.0","Match"
"3800","90.0","86.0","90.0","55.0","170.0","10.0","3800","90.0","172.0","90.0","90.0","180.0","10.0"," ","1600","90.0","172.0","90.0","90.0","180.0","10.0","3800","90.0","172.0","90.0","90.0","180.0","10.0","Match"
"3900","90.0","86.0","90.0","55.0","170.0","10.0","3900","90.0","172.0","90.0","90.0","180.0","10.0"," ","1700","90.0","172.0","90.0","90.0","180.0","10.0","3900","90.0","172.0","90.0","90.0","180.0","10.0","Match"
"4000","90.0","86.0","90.0","55.0","170.0","10.0","4000","90.0","172.0","90.0","90.0","180.0","10.0"," ","1800","90.0","172.0","90.0","90.0","180.0","10.0","4000","90.0","172.0","90.0","90.0","180.0","10.0","Match"
"4100","90.0","86.0","90.0","55.0","170.0","10.0","4100","90.0","172.0","90.0","90.0","180.0","10.0"," ","1900","90.0","172.0","90.0","90.0","180.0","10.0","4100","90.0","172.0","90.0","90.0","180.0","10.0","Match"
"4200","90.0","86.0","90.0","55.0","170.0","10.0","4200","90.0","172.0","90.0","90.0","180.0","10.0"," ","2000","90.0","172.0","90.0","90.0","180.0","10.0","4200","90.0","172.0","90.0","90.0","180.0","10.0","Match"
"4300","90.0","86.0","90.0","55.0","170.0","10.0","4300","90.0","172.0","90.0","90.0","180.0","10.0"," ","2100","90.0","172.0","90.0","90.0","180.0","10.0","4300","90.0","172.0","90.0","90.0","180.0","10.0","Match"
"4400","90.0","86.0","90.0","55.0","170.0","10.0","4400","90.0","172.0","90.0","90.0","180.0","10.0"," ","2200","90.0","172.0","90.0","90.0","180.0","10.0","4400","90.0","172.0","90.0","90.0","180.0","10.0","Match"
"4500","90.0","86.0","90.0","55.0","170.0","10.0","4500","90.0","172.0","90.0","90.0","180.0","10.0"," ","2300","90.0","172.0","90.0","90.0","180.0","10.0","4500","90.0","172.0","90.0","90.0","180.0","10.0","Match"
"4600","90.0","86.0","90.0","55.0","170.0","10.0","4600","90.0","172.0","90.0","90.0","180.0","10.0"," ","2400","90.0","172.0","90.0","90.0","180.0","10.0","4600","90.0","172.0","90.0","90.0","180.0","10.0","Match"
"4700","90.0","86.0","90.0","55.0","170.0","10.0","4707","90.0","172.0","90.0","90.0","180.0","10.0"," ","2500","90.0","172.0","90.0","90.0","180.0","10.0","4707","90.0","172.0","90.0","90.0","180.0","10.0","Match"
"4800","90.0","86.0","90.0","55.0","170.0","10.0","4800","90.0","172.0","90.0","90.0","180.0","10.0"," ","2600","90.0","172.0","90.0","90.0","180.0","10.0","4800","90.0","172.0","90.0","90.0","180.0","10.0","Match"
"4900","90.0","86.0","90.0","55.0","170.0","10.0","4900","90.0","172.0","90.0","90.0","180.0","10.0"," ","2700","90.0","172.0","90.0","90.0","180.0","10.0","4900","90.0","172.0","90.0","90.0","180.0","10.0","Match"
"5000","90.0","86.0","90.0","55.0","170.0","10.0","5000","90.0","172.0","90.0","90.0","180.0","10.0"," ","2800","90.0","172.0","90.0","90.0","180.0","10.0","5000","90.0","172.0","90.0","90.0","180.0","10.0","Match"
"5100","90.0","86.0","90.0","55.0","170.0","10.0","5100","90.0","172.0","90.0","90.0","180.0","10.0"," ","2900","90.0","172.0","90.0","90.0","180.0","10.0","5100","90.0","172.0","90.0","90.0","180.0","10.0","Match"
"5200","90.0","86.0","90.0","55.0","170.0","10.0","5200","90.0","172.0","90.0","90.0","180.0","10.0"," ","3000","90.0","172.0","90.0","90.0","180.0","10.0","5200","90.0","172.0","90.0","90.0","180.0","10.0","Match"
"5300","90.0","86.0","90.0","55.0","170.0","10.0","5300","90.0","172.0","90.0","90.0","180.0","10.0"," ","3100","90.0","172.0","90.0","90.0","180.0","10.0","5300","90.0","172.0","90.0","90.0","180.0","10.0","Match"
"5400","90.0","86.0","90.0","55.0","170.0","10.0","5400","90.0","172.0","90.0","90.0","180.0","10.0"," ","3200","90.0","172.0","90.0","90.0","180.0","10.0","5400","90.0","172.0","90.0","90.0","180.0","10.0","Match"
"5500","90.0","86.0","90.0","55.0","170.0","10.0","5500","90.0","172.0","90.0","90.0","180.0","10.0"," ","3300","90.0","172.0","90.0","90.0","180.0","10.0","5500","90.0","172.0","90.0","90.0","180.0","10.0","Match"
"5600","90.0","86.0","90.0","55.0","170.0","10.0","5600","90.0","172.0","90.0","90.0","180.0","10.0"," ","-","-","-","-","-","-","-","5600","90.0","172.0","90.0","90.0","180.0","10.0","Insertion"
"5700","90.0","86.0","90.0","55.0","170.0","10.0","5700","90.0","172.0","90.0","90.0","180.0","10.0"," ","-","-","-","-","-","-","-","5700","90.0","172.0","90.0","90.0","180.0","10.0","Insertion"
"5800","90.0","86.0","90.0","55.0","170.0","10.0","5800","90.0","172.0","90.0","90.0","180.0","10.0"," ","-","-","-","-","-","-","-","5800","90.0","172.0","90.0","90.0","180.0","10.0","Insertion"
"5900","90.0","86.0","90.0","55.0","170.0","10.0","5900","90.0","172.0","90.0","90.0","180.0","10.0"," ","-","-","-","-","-","-","-","5900","90.0","172.0","90.0","90.0","180.0","10.0","Insertion"
"6000","90.0","86.0","90.0","55.0","170.0","10.0","6000","90.0","172.0","90.0","90.0","180.0","10.0"," ","-","-","-","-","-","-","-","6000","90.0","172.0","90.0","90.0","180.0","10.0","Insertion"
"6100","90.0","86.0","90.0","55.0","170.0","10.0","6100","90.0","170.0","90.0","89.0","179.0","10.0"," ","3400","90.0","152.0","90.0","82.0","178.0","10.0","6100","90.0","170.0","90.0","89.0","179.0","10.0","Match"
"6200","90.0","86.0","90.0","55.0","170.0","10.0","6200","90.0","152.0","90.0","81.0","177.0","10.0"," ","-","-","-","-","-","-","-","6200","90.0","152.0","90.0","81.0","177.0","10.0","Insertion"
"6300","90.0","86.0","90.0","55.0","170.0","10.0","6300","90.0","132.0","90.0","73.0","175.0","10.0"," ","3500","90.0","132.0","90.0","74.0","175.0","10.0","6300","90.0","132.0","90.0","73.0","175.0","10.0","Match"
"6400","90.0","86.0","90.0","55.0","170.0","10.0","6400","90.0","112.0","90.0","65.0","173.0","10.0"," ","3600","90.0","112.0","90.0","66.0","173.0","10.0","6400","90.0","112.0","90.0","65.0","173.0","10.0","Match"
"6500","90.0","86.0","90.0","55.0","170.0","10.0","6500","90.0","92.0","90.0","57.0","170.0","10.0"," ","3700","90.0","92.0","90.0","57.0","171.0","10.0","6500","90.0","92.0","90.0","57.0","170.0","10.0","Match"
"6600","90.0","86.0","90.0","55.0","170.0","10.0","6600","90.0","86.0","90.0","55.0","170.0","10.0"," ","3800","90.0","86.0","90.0","55.0","170.0","10.0","6600","90.0","86.0","90.0","55.0","170.0","10.0","Match"
"6700","90.0","86.0","90.0","55.0","170.0","10.0","6700","90.0","86.0","90.0","55.0","170.0","10.0"," ","3900","90.0","86.0","90.0","55.0","170.0","10.0","6700","90.0","86.0","90.0","55.0","170.0","10.0","Match"
"6800","90.0","86.0","90.0","55.0","170.0","10.0","6800","90.0","86.0","90.0","55.0","170.0","10.0"," ","4000","90.0","86.0","90.0","55.0","170.0","10.0","6800","90.0","86.0","90.0","55.0","170.0","10.0","Match"
"6900","90.0","86.0","90.0","55.0","170.0","10.0","6900","90.0","86.0","90.0","55.0","170.0","10.0"," ","4100","90.0","86.0","90.0","55.0","170.0","10.0","6900","90.0","86.0","90.0","55.0","170.0","10.0","Match"
"7000","90.0","86.0","90.0","55.0","170.0","10.0","7000","90.0","86.0","90.0","55.0","170.0","10.0"," ","4200","90.0","86.0","90.0","55.0","170.0","10.0","7000","90.0","86.0","90.0","55.0","170.0","10.0","Match"
"7100","90.0","86.0","90.0","55.0","170.0","10.0","7100","90.0","86.0","90.0","55.0","170.0","10.0"," ","4300","90.0","86.0","90.0","55.0","170.0","10.0","7100","90.0","86.0","90.0","55.0","170.0","10.0","Match"
"7200","90.0","86.0","90.0","55.0","170.0","10.0","7200","90.0","86.0","90.0","55.0","170.0","10.0"," ","4400","90.0","86.0","90.0","55.0","170.0","10.0","7200","90.0","86.0","90.0","55.0","170.0","10.0","Match"
"7300","76.0","87.0","90.0","60.0","158.0","15.0","7300","90.0","86.0","90.0","55.0","170.0","10.0"," ","4500","90.0","86.0","90.0","55.0","170.0","10.0","7300","90.0","86.0","90.0","55.0","170.0","10.0","Match"
"7400","62.0","87.0","90.0","66.0","145.0","20.0","7400","90.0","86.0","90.0","55.0","170.0","10.0"," ","4600","90.0","86.0","90.0","55.0","170.0","10.0","7400","90.0","86.0","90.0","55.0","170.0","10.0","Match"
"7500","48.0","88.0","90.0","71.0","133.0","25.0","7500","90.0","86.0","90.0","55.0","170.0","10.0"," ","4700","90.0","86.0","90.0","55.0","170.0","10.0","7500","90.0","86.0","90.0","55.0","170.0","10.0","Match"
"7600","34.0","88.0","90.0","77.0","120.0","31.0","7600","90.0","86.0","90.0","55.0","170.0","10.0"," ","4800","90.0","86.0","90.0","55.0","170.0","10.0","7600","90.0","86.0","90.0","55.0","170.0","10.0","Match"
"7700","20.0","89.0","90.0","82.0","108.0","36.0","7700","90.0","86.0","90.0","55.0","170.0","10.0"," ","4900","90.0","86.0","90.0","55.0","170.0","10.0","7700","90.0","86.0","90.0","55.0","170.0","10.0","Match"
"7800","6.0","90.0","90.0","88.0","95.0","41.0","7800","90.0","86.0","90.0","55.0","170.0","10.0"," ","5000","90.0","86.0","90.0","55.0","170.0","10.0","7800","90.0","86.0","90.0","55.0","170.0","10.0","Match"
"7900","0.0","90.0","90.0","90.0","90.0","43.0","7900","90.0","86.0","90.0","55.0","170.0","10.0"," ","5100","90.0","86.0","90.0","55.0","170.0","10.0","7900","90.0","86.0","90.0","55.0","170.0","10.0","Match"
"8000","0.0","90.0","90.0","90.0","90.0","43.0","8000","90.0","86.0","90.0","55.0","170.0","10.0"," ","5200","90.0","86.0","90.0","55.0","170.0","10.0","8000","90.0","86.0","90.0","55.0","170.0","10.0","Match"
"8100","0.0","90.0","90.0","90.0","90.0","43.0","8100","90.0","86.0","90.0","55.0","170.0","10.0"," ","5300","90.0","86.0","90.0","55.0","170.0","10.0","8100","90.0","86.0","90.0","55.0","170.0","10.0","Match"
"8200","0.0","90.0","90.0","90.0","90.0","43.0","8200","90.0","86.0","90.0","55.0","170.0","10.0"," ","5400","90.0","86.0","90.0","55.0","170.0","10.0","8200","90.0","86.0","90.0","55.0","170.0","10.0","Match"
"8300","0.0","90.0","90.0","90.0","90.0","43.0","8300","90.0","86.0","90.0","55.0","170.0","10.0"," ","5500","90.0","86.0","90.0","55.0","170.0","10.0","8300","90.0","86.0","90.0","55.0","170.0","10.0","Match"
"8400","0.0","90.0","90.0","90.0","90.0","43.0","8400","90.0","86.0","90.0","55.0","170.0","10.0"," ","5600","90.0","86.0","90.0","55.0","170.0","10.0","8400","90.0","86.0","90.0","55.0","170.0","10.0","Match"
"8500","0.0","90.0","90.0","90.0","90.0","43.0","8500","90.0","86.0","90.0","55.0","170.0","10.0"," ","5700","90.0","86.0","90.0","55.0","170.0","10.0","8500","90.0","86.0","90.0","55.0","170.0","10.0","Match"
"8600","0.0","90.0","90.0","90.0","90.0","43.0","8600","90.0","86.0","90.0","55.0","170.0","10.0"," ","5800","90.0","86.0","90.0","55.0","170.0","10.0","8600","90.0","86.0","90.0","55.0","170.0","10.0","Match"
"8700","0.0","90.0","90.0","90.0","90.0","43.0","8700","90.0","86.0","90.0","55.0","170.0","10.0"," ","5900","90.0","86.0","90.0","55.0","170.0","10.0","8700","90.0","86.0","90.0","55.0","170.0","10.0","Match"
"8800","0.0","90.0","90.0","90.0","90.0","43.0","8800","90.0","86.0","90.0","55.0","170.0","10.0"," ","6000","90.0","86.0","90.0","55.0","170.0","10.0","8800","90.0","86.0","90.0","55.0","170.0","10.0","Match"
"8900","0.0","90.0","90.0","90.0","90.0","43.0","8900","90.0","86.0","90.0","55.0","170.0","10.0"," ","6100","90.0","86.0","90.0","55.0","170.0","10.0","8900","90.0","86.0","90.0","55.0","170.0","10.0","Match"
"9000","0.0","90.0","90.0","90.0","90.0","43.0","9000","90.0","86.0","90.0","55.0","170.0","10.0"," ","6200","90.0","86.0","90.0","55.0","170.0","10.0","9000","90.0","86.0","90.0","55.0","170.0","10.0","Match"
"9100","0.0","90.0","90.0","90.0","90.0","43.0","9100","90.0","86.0","90.0","55.0","170.0","10.0"," ","6300","90.0","86.0","90.0","55.0","170.0","10.0","9100","90.0","86.0","90.0","55.0","170.0","10.0","Match"
"9200","0.0","90.0","90.0","90.0","90.0","43.0","9200","90.0","86.0","90.0","55.0","170.0","10.0"," ","6400","90.0","86.0","90.0","55.0","170.0","10.0","9200","90.0","86.0","90.0","55.0","170.0","10.0","Match"
"9300","0.0","90.0","90.0","90.0","90.0","43.0","9300","90.0","86.0","90.0","55.0","170.0","10.0"," ","6500","90.0","86.0","90.0","55.0","170.0","10.0","9300","90.0","86.0","90.0","55.0","170.0","10.0","Match"
"9400","0.0","90.0","90.0","90.0","90.0","43.0","9400","90.0","86.0","90.0","55.0","170.0","10.0"," ","6600","90.0","86.0","90.0","55.0","170.0","10.0","9400","90.0","86.0","90.0","55.0","170.0","10.0","Match"
"9500","0.0","90.0","90.0","90.0","90.0","43.0","9500","90.0","86.0","90.0","55.0","170.0","10.0"," ","6700","90.0","86.0","90.0","55.0","170.0","10.0","9500","90.0","86.0","90.0","55.0","170.0","10.0","Match"
"9600","0.0","90.0","90.0","90.0","90.0","43.0","9600","90.0","86.0","90.0","55.0","170.0","10.0"," ","6800","90.0","86.0","90.0","55.0","170.0","10.0","9600","90.0","86.0","90.0","55.0","170.0","10.0","Match"
"9700","0.0","90.0","90.0","90.0","90.0","43.0","9700","90.0","86.0","90.0","55.0","170.0","10.0"," ","6900","90.0","86.0","90.0","55.0","170.0","10.0","9700","90.0","86.0","90.0","55.0","170.0","10.0","Match"
"9800","0.0","90.0","90.0","90.0","90.0","43.0","9800","90.0","86.0","90.0","55.0","170.0","10.0"," ","7000","90.0","86.0","90.0","55.0","170.0","10.0","9800","90.0","86.0","90.0","55.0","170.0","10.0","Match"
"9900","0.0","90.0","90.0","90.0","90.0","43.0","9900","90.0","86.0","90.0","55.0","170.0","10.0"," ","7100","90.0","86.0","90.0","55.0","170.0","10.0","9900","90.0","86.0","90.0","55.0","170.0","10.0","Match"
"10000","0.0","90.0","90.0","90.0","90.0","43.0","10000","90.0","86.0","90.0","55.0","170.0","10.0"," ","7200","90.0","86.0","90.0","55.0","170.0","10.0","10000","90.0","86.0","90.0","55.0","170.0","10.0","Match"
"10100","0.0","90.0","90.0","90.0","90.0","43.0","10100","90.0","86.0","90.0","55.0","170.0","10.0"," ","7300","76.0","87.0","90.0","60.0","158.0","15.0","10100","90.0","86.0","90.0","55.0","170.0","10.0","Match"
"10200","0.0","90.0","90.0","90.0","90.0","43.0","10200","84.0","86.0","90.0","57.0","165.0","12.0"," ","-","-","-","-","-","-","-","10200","84.0","86.0","90.0","57.0","165.0","12.0","Insertion"
"10300","0.0","90.0","90.0","90.0","90.0","43.0","10300","70.0","86.0","90.0","62.0","152.0","17.0"," ","7400","62.0","87.0","90.0","66.0","145.0","20.0","10300","70.0","86.0","90.0","62.0","152.0","17.0","Match"
"10400","0.0","90.0","90.0","90.0","90.0","43.0","10400","56.0","87.0","90.0","68.0","140.0","22.0"," ","7500","48.0","88.0","90.0","71.0","133.0","25.0","10400","56.0","87.0","90.0","68.0","140.0","22.0","Match"
"10500","0.0","90.0","90.0","90.0","90.0","43.0","10500","42.0","88.0","90.0","73.0","127.0","27.0"," ","7600","34.0","88.0","90.0","77.0","120.0","31.0","10500","42.0","88.0","90.0","73.0","127.0","27.0","Match"
"10600","0.0","90.0","90.0","90.0","90.0","43.0","10600","28.0","88.0","90.0","78.0","115.0","32.0"," ","7700","20.0","89.0","90.0","82.0","108.0","36.0","10600","28.0","88.0","90.0","78.0","115.0","32.0","Match"
"10700","0.0","90.0","90.0","90.0","90.0","43.0","10700","14.0","89.0","90.0","84.0","102.0","37.0"," ","7800","6.0","90.0","90.0","88.0","95.0","41.0","10700","14.0","89.0","90.0","84.0","102.0","37.0","Match"
"10800","0.0","90.0","90.0","90.0","90.0","43.0","10800","0.0","89.0","90.0","89.0","90.0","42.0"," ","7900","0.0","90.0","90.0","90.0","90.0","43.0","10800","0.0","89.0","90.0","89.0","90.0","42.0","Match"
"10900","0.0","90.0","90.0","90.0","90.0","43.0","10900","0.0","90.0","90.0","90.0","90.0","43.0"," ","8000","0.0","90.0","90.0","90.0","90.0","43.0","10900","0.0","90.0","90.0","90.0","90.0","43.0","Match"
"11000","0.0","90.0","90.0","90.0","90.0","43.0","11000","0.0","90.0","90.0","90.0","90.0","43.0"," ","8100","0.0","90.0","90.0","90.0","90.0","43.0","11000","0.0","90.0","90.0","90.0","90.0","43.0","Match"
"11100","0.0","90.0","90.0","90.0","90.0","43.0","11100","0.0","90.0","90.0","90.0","90.0","43.0"," ","8200","0.0","90.0","90.0","90.0","90.0","43.0","11100","0.0","90.0","90.0","90.0","90.0","43.0","Match"
"11200","0.0","90.0","90.0","90.0","90.0","43.0","11200","0.0","90.0","90.0","90.0","90.0","43.0"," ","8300","0.0","90.0","90.0","90.0","90.0","43.0","11200","0.0","90.0","90.0","90.0","90.0","43.0","Match"
"11300","14.0","90.0","90.0","90.0","90.0","48.0","11300","0.0","90.0","90.0","90.0","90.0","43.0"," ","8400","0.0","90.0","90.0","90.0","90.0","43.0","11300","0.0","90.0","90.0","90.0","90.0","43.0","Match"
"11400","28.0","90.0","90.0","90.0","90.0","52.0","11400","0.0","90.0","90.0","90.0","90.0","43.0"," ","8500","0.0","90.0","90.0","90.0","90.0","43.0","11400","0.0","90.0","90.0","90.0","90.0","43.0","Match"
"11500","42.0","90.0","90.0","90.0","90.0","57.0","11500","0.0","90.0","90.0","90.0","90.0","43.0"," ","8600","0.0","90.0","90.0","90.0","90.0","43.0","11500","0.0","90.0","90.0","90.0","90.0","43.0","Match"
"11600","56.0","90.0","90.0","90.0","90.0","62.0","11600","0.0","90.0","90.0","90.0","90.0","43.0"," ","8700","0.0","90.0","90.0","90.0","90.0","43.0","11600","0.0","90.0","90.0","90.0","90.0","43.0","Match"
"11700","70.0","90.0","90.0","90.0","90.0","66.0","11700","0.0","90.0","90.0","90.0","90.0","43.0"," ","8800","0.0","90.0","90.0","90.0","90.0","43.0","11700","0.0","90.0","90.0","90.0","90.0","43.0","Match"
"11800","84.0","90.0","90.0","90.0","90.0","71.0","11800","0.0","90.0","90.0","90.0","90.0","43.0"," ","8900","0.0","90.0","90.0","90.0","90.0","43.0","11800","0.0","90.0","90.0","90.0","90.0","43.0","Match"
"11900","90.0","90.0","90.0","90.0","90.0","73.0","11900","0.0","90.0","90.0","90.0","90.0","43.0"," ","9000","0.0","90.0","90.0","90.0","90.0","43.0","11900","0.0","90.0","90.0","90.0","90.0","43.0","Match"
" "," "," "," "," "," "," ","12000","0.0","90.0","90.0","90.0","90.0","43.0"," ","9100","0.0","90.0","90.0","90.0","90.0","43.0","12000","0.0","90.0","90.0","90.0","90.0","43.0","Match"
" "," "," "," "," "," "," ","12100","0.0","90.0","90.0","90.0","90.0","43.0"," ","9200","0.0","90.0","90.0","90.0","90.0","43.0","12100","0.0","90.0","90.0","90.0","90.0","43.0","Match"
" "," "," "," "," "," "," ","12200","0.0","90.0","90.0","90.0","90.0","43.0"," ","9300","0.0","90.0","90.0","90.0","90.0","43.0","12200","0.0","90.0","90.0","90.0","90.0","43.0","Match"
" "," "," "," "," "," "," ","12300","0.0","90.0","90.0","90.0","90.0","43.0"," ","9400","0.0","90.0","90.0","90.0","90.0","43.0","12300","0.0","90.0","90.0","90.0","90.0","43.0","Match"
" "," "," "," "," "," "," ","12400","0.0","90.0","90.0","90.0","90.0","43.0"," ","9500","0.0","90.0","90.0","90.0","90.0","43.0","12400","0.0","90.0","90.0","90.0","90.0","43.0","Match"
" "," "," "," "," "," "," ","12500","0.0","90.0","90.0","90.0","90.0","43.0"," ","9600","0.0","90.0","90.0","90.0","90.0","43.0","12500","0.0","90.0","90.0","90.0","90.0","43.0","Match"
" "," "," "," "," "," "," ","12600","0.0","90.0","90.0","90.0","90.0","43.0"," ","9700","0.0","90.0","90.0","90.0","90.0","43.0","12600","0.0","90.0","90.0","90.0","90.0","43.0","Match"
" "," "," "," "," "," "," ","12700","0.0","90.0","90.0","90.0","90.0","43.0"," ","9800","0.0","90.0","90.0","90.0","90.0","43.0","12700","0.0","90.0","90.0","90.0","90.0","43.0","Match"
" "," "," "," "," "," "," ","12800","0.0","90.0","90.0","90.0","90.0","43.0"," ","9900","0.0","90.0","90.0","90.0","90.0","43.0","12800","0.0","90.0","90.0","90.0","90.0","43.0","Match"
" "," "," "," "," "," "," ","12900","0.0","90.0","90.0","90.0","90.0","43.0"," ","10000","0.0","90.0","90.0","90.0","90.0","43.0","12900","0.0","90.0","90.0","90.0","90.0","43.0","Match"
" "," "," "," "," "," "," ","13000","0.0","90.0","90.0","90.0","90.0","43.0"," ","10100","0.0","90.0","90.0","90.0","90.0","43.0","13000","0.0","90.0","90.0","90.0","90.0","43.0","Match"
" "," "," "," "," "," "," ","13100","0.0","90.0","90.0","90.0","90.0","43.0"," ","10200","0.0","90.0","90.0","90.0","90.0","43.0","13100","0.0","90.0","90.0","90.0","90.0","43.0","Match"
" "," "," "," "," "," "," ","13200","0.0","90.0","90.0","90.0","90.0","43.0"," ","10300","0.0","90.0","90.0","90.0","90.0","43.0","13200","0.0","90.0","90.0","90.0","90.0","43.0","Match"
" "," "," "," "," "," "," ","13300","0.0","90.0","90.0","90.0","90.0","43.0"," ","10400","0.0","90.0","90.0","90.0","90.0","43.0","13300","0.0","90.0","90.0","90.0","90.0","43.0","Match"
" "," "," "," "," "," "," ","13400","0.0","90.0","90.0","90.0","90.0","43.0"," ","10500","0.0","90.0","90.0","90.0","90.0","43.0","13400","0.0","90.0","90.0","90.0","90.0","43.0","Match"
" "," "," "," "," "," "," ","13500","0.0","90.0","90.0","90.0","90.0","43.0"," ","10600","0.0","90.0","90.0","90.0","90.0","43.0","13500","0.0","90.0","90.0","90.0","90.0","43.0","Match"
" "," "," "," "," "," "," ","13600","0.0","90.0","90.0","90.0","90.0","43.0"," ","10700","0.0","90.0","90.0","90.0","90.0","43.0","13600","0.0","90.0","90.0","90.0","90.0","43.0","Match"
" "," "," "," "," "," "," ","13700","0.0","90.0","90.0","90.0","90.0","43.0"," ","10800","0.0","90.0","90.0","90.0","90.0","43.0","13700","0.0","90.0","90.0","90.0","90.0","43.0","Match"
" "," "," "," "," "," "," ","13800","0.0","90.0","90.0","90.0","90.0","43.0"," ","10900","0.0","90.0","90.0","90.0","90.0","43.0","13800","0.0","90.0","90.0","90.0","90.0","43.0","Match"
" "," "," "," "," "," "," ","13900","0.0","90.0","90.0","90.0","90.0","43.0"," ","11000","0.0","90.0","90.0","90.0","90.0","43.0","13900","0.0","90.0","90.0","90.0","90.0","43.0","Match"
" "," "," "," "," "," "," ","14000","0.0","90.0","90.0","90.0","90.0","43.0"," ","11100","0.0","90.0","90.0","90.0","90.0","43.0","14000","0.0","90.0","90.0","90.0","90.0","43.0","Match"
" "," "," "," "," "," "," ","14100","0.0","90.0","90.0","90.0","90.0","43.0"," ","11200","0.0","90.0","90.0","90.0","90.0","43.0","14100","0.0","90.0","90.0","90.0","90.0","43.0","Match"
" "," "," "," "," "," "," ","14200","0.0","90.0","90.0","90.0","90.0","43.0"," ","11300","14.0","90.0","90.0","90.0","90.0","48.0","14200","0.0","90.0","90.0","90.0","90.0","43.0","Match"
" "," "," "," "," "," "," ","14300","12.0","90.0","90.0","90.0","90.0","47.0"," ","11400","28.0","90.0","90.0","90.0","90.0","52.0","14300","12.0","90.0","90.0","90.0","90.0","47.0","Match"
" "," "," "," "," "," "," ","14400","26.0","90.0","90.0","90.0","90.0","51.0"," ","11500","42.0","90.0","90.0","90.0","90.0","57.0","14400","26.0","90.0","90.0","90.0","90.0","51.0","Match"
" "," "," "," "," "," "," ","14500","40.0","90.0","90.0","90.0","90.0","56.0"," ","11600","56.0","90.0","90.0","90.0","90.0","62.0","14500","40.0","90.0","90.0","90.0","90.0","56.0","Match"
" "," "," "," "," "," "," ","14600","54.0","90.0","90.0","90.0","90.0","61.0"," ","11700","70.0","90.0","90.0","90.0","90.0","66.0","14600","54.0","90.0","90.0","90.0","90.0","61.0","Match"
" "," "," "," "," "," "," ","14700","68.0","90.0","90.0","90.0","90.0","65.0"," ","11800","84.0","90.0","90.0","90.0","90.0","71.0","14700","68.0","90.0","90.0","90.0","90.0","65.0","Match"
" "," "," "," "," "," "," ","14800","82.0","90.0","90.0","90.0","90.0","70.0"," ","11900","90.0","90.0","90.0","90.0","90.0","73.0","14800","82.0","90.0","90.0","90.0","90.0","70.0","Match"
" "," "," "," "," "," "," ","14900","90.0","90.0","90.0","90.0","90.0","73.0"," ","-","-","-","-","-","-","-","14900","90.0","90.0","90.0","90.0","90.0","73.0","Insertion"
" "," "," "," "," "," "," ","15000","90.0","90.0","90.0","90.0","90.0","73.0"," ","-","-","-","-","-","-","-","15000","90.0","90.0","90.0","90.0","90.0","73.0","Insertion"
" "," "," "," "," "," "," ","15100","90.0","90.0","90.0","90.0","90.0","73.0"," ","-","-","-","-","-","-","-","15100","90.0","90.0","90.0","90.0","90.0","73.0","Insertion"
" "," "," "," "," "," "," ","15200","90.0","90.0","90.0","90.0","90.0","73.0"," ","-","-","-","-","-","-","-","15200","90.0","90.0","90.0","90.0","90.0","73.0","Insertion"
" "," "," "," "," "," "," ","15300","90.0","90.0","90.0","90.0","90.0","73.0"," ","-","-","-","-","-","-","-","15300","90.0","90.0","90.0","90.0","90.0","73.0","Insertion"
" "," "," "," "," "," "," ","15400","90.0","90.0","90.0","90.0","90.0","73.0"," ","-","-","-","-","-","-","-","15400","90.0","90.0","90.0","90.0","90.0","73.0","Insertion"
" "," "," "," "," "," "," ","15500","90.0","90.0","90.0","90.0","90.0","73.0"," ","-","-","-","-","-","-","-","15500","90.0","90.0","90.0","90.0","90.0","73.0","Insertion"
" "," "," "," "," "," "," ","15600","90.0","90.0","90.0","90.0","90.0","73.0"," ","-","-","-","-","-","-","-","15600","90.0","90.0","90.0","90.0","90.0","73.0","Insertion"
" "," "," "," "," "," "," ","15700","90.0","90.0","90.0","90.0","90.0","73.0"," ","-","-","-","-","-","-","-","15700","90.0","90.0","90.0","90.0","90.0","73.0","Insertion"
" "," "," "," "," "," "," ","15800","90.0","90.0","90.0","90.0","90.0","73.0"," ","-","-","-","-","-","-","-","15800","90.0","90.0","90.0","90.0","90.0","73.0","Insertion"
" "," "," "," "," "," "," ","15900","90.0","90.0","90.0","90.0","90.0","73.0"," ","-","-","-","-","-","-","-","15900","90.0","90.0","90.0","90.0","90.0","73.0","Insertion"
" "," "," "," "," "," "," ","16000","90.0","90.0","90.0","90.0","90.0","73.0"," ","-","-","-","-","-","-","-","16000","90.0","90.0","90.0","90.0","90.0","73.0","Insertion"
" "," "," "," "," "," "," ","16100","90.0","90.0","90.0","90.0","90.0","73.0"," ","-","-","-","-","-","-","-","16100","90.0","90.0","90.0","90.0","90.0","73.0","Insertion"
" "," "," "," "," "," "," ","16200","90.0","90.0","90.0","90.0","90.0","73.0"," ","-","-","-","-","-","-","-","16200","90.0","90.0","90.0","90.0","90.0","73.0","Insertion"
" "," "," "," "," "," "," ","16300","90.0","90.0","90.0","90.0","90.0","73.0"," ","-","-","-","-","-","-","-","16300","90.0","90.0","90.0","90.0","90.0","73.0","Insertion"
" "," "," "," "," "," "," ","16400","90.0","90.0","90.0","90.0","90.0","73.0"," ","-","-","-","-","-","-","-","16400","90.0","90.0","90.0","90.0","90.0","73.0","Insertion"
" "," "," "," "," "," "," ","16500","90.0","90.0","90.0","90.0","90.0","73.0"," ","-","-","-","-","-","-","-","16500","90.0","90.0","90.0","90.0","90.0","73.0","Insertion"
" "," "," "," "," "," "," ","16600","90.0","90.0","90.0","90.0","90.0","73.0"," ","-","-","-","-","-","-","-","16600","90.0","90.0","90.0","90.0","90.0","73.0","Insertion"
" "," "," "," "," "," "," ","16700","90.0","90.0","90.0","90.0","90.0","73.0"," ","-","-","-","-","-","-","-","16700","90.0","90.0","90.0","90.0","90.0","73.0","Insertion"
" "," "," "," "," "," "," ","16800","90.0","90.0","90.0","90.0","90.0","73.0"," ","-","-","-","-","-","-","-","16800","90.0","90.0","90.0","90.0","90.0","73.0","Insertion"
" "," "," "," "," "," "," ","16900","90.0","90.0","90.0","90.0","90.0","73.0"," ","-","-","-","-","-","-","-","16900","90.0","90.0","90.0","90.0","90.0","73.0","Insertion"
" "," "," "," "," "," "," ","17000","90.0","90.0","90.0","90.0","90.0","73.0"," ","-","-","-","-","-","-","-","17000","90.0","90.0","90.0","90.0","90.0","73.0","Insertion"
" "," "," "," "," "," "," ","17100","90.0","90.0","90.0","90.0","90.0","73.0"," ","-","-","-","-","-","-","-","17100","90.0","90.0","90.0","90.0","90.0","73.0","Insertion"
" "," "," "," "," "," "," ","17200","90.0","90.0","90.0","90.0","90.0","73.0"," ","-","-","-","-","-","-","-","17200","90.0","90.0","90.0","90.0","90.0","73.0","Insertion"
" "," "," "," "," "," "," ","17300","90.0","90.0","90.0","90.0","90.0","73.0"," ","-","-","-","-","-","-","-","17300","90.0","90.0","90.0","90.0","90.0","73.0","Insertion"
" "," "," "," "," "," "," ","17400","90.0","90.0","90.0","90.0","90.0","73.0"," ","-","-","-","-","-","-","-","17400","90.0","90.0","90.0","90.0","90.0","73.0","Insertion"
" "," "," "," "," "," "," ","17500","90.0","90.0","90.0","90.0","90.0","73.0"," ","-","-","-","-","-","-","-","17500","90.0","90.0","90.0","90.0","90.0","73.0","Insertion"
" "," "," "," "," "," "," ","17600","90.0","90.0","90.0","90.0","90.0","73.0"," ","-","-","-","-","-","-","-","17600","90.0","90.0","90.0","90.0","90.0","73.0","Insertion"
" "," "," "," "," "," "," ","17700","90.0","90.0","90.0","90.0","90.0","73.0"," ","-","-","-","-","-","-","-","17700","90.0","90.0","90.0","90.0","90.0","73.0","Insertion"
" "," "," "," "," "," "," ","17800","90.0","90.0","90.0","90.0","90.0","73.0"," ","-","-","-","-","-","-","-","17800","90.0","90.0","90.0","90.0","90.0","73.0","Insertion"
