"PTor-timestamp","PTor-yPos","PTor-distance","PTor-light","PTor-isMoving","PTor-angle","PTor-action","PTor-bump","PTor-xPos","PTor-processingQueue","PTor-speed","DTor-timestamp","DTor-yPos","DTor-distance","DTor-light","DTor-isMoving","DTor-angle","DTor-action","DTor-bump","DTor-xPos","DTor-processingQueue","DTor-speed",,"PTal-timestamp","PTal-yPos","PTal-distance","PTal-light","PTal-isMoving","PTal-angle","PTal-action","PTal-bump","PTal-xPos","PTal-processingQueue","PTal-speed","DTal-timestamp","DTal-yPos","DTal-distance","DTal-light","DTal-isMoving","DTal-angle","DTal-action","DTal-bump","DTal-xPos","DTal-processingQueue","DTal-speed","operationApplied",
"16274847350","5.0033","37.0","45.0","false","0.0","#Forward","false","5.0015","false","31.28","16274847350","0.0","40.0","45.0","false","0.0","#Forward","false","0.0","false","31.28"," ","16274847360","5.0036","40.0","45.0","true","0.0","#Forward","false","5.4052","false","31.28","16274847360","0.0","43.0","45.0","true","0.0","#Forward","false","0.278","false","31.28","Match"
"16274847360","5.0036","40.0","45.0","true","0.0","#Forward","false","5.4052","false","31.28","16274847360","0.0","43.0","45.0","true","0.0","#Forward","false","0.278","false","31.28"," ","16274847370","4.9987","43.0","45.0","true","0.0","#Forward","false","5.8085","false","31.28","16274847370","0.0","46.0","45.0","true","0.0","#Forward","false","0.556","false","31.28","Match"
"16274847370","4.9987","43.0","45.0","true","0.0","#Forward","false","5.8085","false","31.28","16274847370","0.0","46.0","45.0","true","0.0","#Forward","false","0.556","false","31.28"," ","16274847380","4.9982","46.0","45.0","true","0.0","#Forward","false","6.2166","false","31.28","16274847380","0.0","49.0","45.0","true","0.0","#Forward","false","0.834","false","31.28","Match"
"16274847380","4.9982","46.0","45.0","true","0.0","#Forward","false","6.2166","false","31.28","16274847380","0.0","49.0","45.0","true","0.0","#Forward","false","0.834","false","31.28"," ","16274847390","4.9996","49.0","45.0","true","0.0","#Forward","false","6.6154","false","31.28","16274847390","0.0","52.0","45.0","true","0.0","#Forward","false","1.112","false","31.28","Match"
"16274847390","4.9996","49.0","45.0","true","0.0","#Forward","false","6.6154","false","31.28","16274847390","0.0","52.0","45.0","true","0.0","#Forward","false","1.112","false","31.28"," ","16274847400","4.9963","52.0","45.0","true","0.0","#Forward","false","7.0147","false","31.28","16274847400","0.0","55.0","45.0","true","0.0","#Forward","false","1.39","false","31.28","Match"
"16274847400","4.9963","52.0","45.0","true","0.0","#Forward","false","7.0147","false","31.28","16274847400","0.0","55.0","45.0","true","0.0","#Forward","false","1.39","false","31.28"," ","16274847410","5.0021","55.0","45.0","true","0.0","#Forward","false","7.4213","false","31.28","16274847410","0.0","58.0","45.0","true","0.0","#Forward","false","1.668","false","31.28","Match"
"16274847410","5.0021","55.0","45.0","true","0.0","#Forward","false","7.4213","false","31.28","16274847410","0.0","58.0","45.0","true","0.0","#Forward","false","1.668","false","31.28"," ","16274847420","4.9997","58.0","45.0","true","0.0","#Forward","false","7.8192","false","31.28","16274847420","0.0","61.0","45.0","true","0.0","#Forward","false","1.946","false","31.28","Match"
"16274847420","4.9997","58.0","45.0","true","0.0","#Forward","false","7.8192","false","31.28","16274847420","0.0","61.0","45.0","true","0.0","#Forward","false","1.946","false","31.28"," ","16274847430","4.9965","61.0","45.0","true","0.0","#Forward","false","8.2306","false","31.28","16274847430","0.0","64.0","45.0","true","0.0","#Forward","false","2.224","false","31.28","Match"
"16274847430","4.9965","61.0","45.0","true","0.0","#Forward","false","8.2306","false","31.28","16274847430","0.0","64.0","45.0","true","0.0","#Forward","false","2.224","false","31.28"," ","16274847440","5.0009","64.0","45.0","true","0.0","#Forward","false","8.6321","false","31.28","16274847440","0.0","67.0","45.0","true","0.0","#Forward","false","2.502","false","31.28","Match"
"16274847440","5.0009","64.0","45.0","true","0.0","#Forward","false","8.6321","false","31.28","16274847440","0.0","67.0","45.0","true","0.0","#Forward","false","2.502","false","31.28"," ","16274847450","4.9967","67.0","45.0","true","0.0","#Forward","false","9.0305","false","31.28","16274847450","0.0","70.0","45.0","true","0.0","#Forward","false","2.78","false","31.28","Match"
"16274847450","4.9967","67.0","45.0","true","0.0","#Forward","false","9.0305","false","31.28","16274847450","0.0","70.0","45.0","true","0.0","#Forward","false","2.78","false","31.28"," ","16274847460","5.0003","70.0","45.0","true","0.0","#Forward","false","9.4337","false","31.28","16274847460","0.0","73.0","45.0","true","0.0","#Forward","false","3.058","false","31.28","Match"
"16274847460","5.0003","70.0","45.0","true","0.0","#Forward","false","9.4337","false","31.28","16274847460","0.0","73.0","45.0","true","0.0","#Forward","false","3.058","false","31.28"," ","16274847470","4.9973","73.0","45.0","true","0.0","#Forward","false","9.8365","false","31.28","16274847470","0.0","76.0","45.0","true","0.0","#Forward","false","3.336","false","31.28","Match"
"16274847470","4.9973","73.0","45.0","true","0.0","#Forward","false","9.8365","false","31.28","16274847470","0.0","76.0","45.0","true","0.0","#Forward","false","3.336","false","31.28"," ","16274847480","5.0032","76.0","45.0","true","0.0","#Forward","false","10.242","false","31.28","16274847480","0.0","79.0","45.0","true","0.0","#Forward","false","3.614","false","31.28","Match"
"16274847480","5.0032","76.0","45.0","true","0.0","#Forward","false","10.242","false","31.28","16274847480","0.0","79.0","45.0","true","0.0","#Forward","false","3.614","false","31.28"," ","16274847490","5.0013","79.0","45.0","true","0.0","#Forward","false","10.6411","false","31.28","16274847490","0.0","82.0","45.0","true","0.0","#Forward","false","3.892","false","31.28","Match"
"16274847490","5.0013","79.0","45.0","true","0.0","#Forward","false","10.6411","false","31.28","16274847490","0.0","82.0","45.0","true","0.0","#Forward","false","3.892","false","31.28"," ","16274847500","4.9955","82.0","45.0","true","0.0","#Forward","false","11.0447","false","31.28","16274847500","0.0","85.0","45.0","true","0.0","#Forward","false","4.17","false","31.28","Match"
"16274847500","4.9955","82.0","45.0","true","0.0","#Forward","false","11.0447","false","31.28","16274847500","0.0","85.0","45.0","true","0.0","#Forward","false","4.17","false","31.28"," ","16274847510","5.0045","85.0","45.0","true","0.0","#Forward","false","11.4506","false","31.28","16274847510","0.0","88.0","45.0","true","0.0","#Forward","false","4.448","false","31.28","Match"
"16274847510","5.0045","85.0","45.0","true","0.0","#Forward","false","11.4506","false","31.28","16274847510","0.0","88.0","45.0","true","0.0","#Forward","false","4.448","false","31.28"," ","16274847520","4.996","88.0","45.0","true","0.0","#Forward","false","11.8567","false","31.28","16274847520","0.0","91.0","45.0","true","0.0","#Forward","false","4.726","false","31.28","Match"
"16274847520","4.996","88.0","45.0","true","0.0","#Forward","false","11.8567","false","31.28","16274847520","0.0","91.0","45.0","true","0.0","#Forward","false","4.726","false","31.28"," ","16274847530","4.9986","91.0","45.0","true","0.0","#Forward","false","12.2523","false","31.28","16274847530","0.0","94.0","45.0","true","0.0","#Forward","false","5.004","false","31.28","Match"
"16274847530","4.9986","91.0","45.0","true","0.0","#Forward","false","12.2523","false","31.28","16274847530","0.0","94.0","45.0","true","0.0","#Forward","false","5.004","false","31.28"," ","16274847540","5.0032","94.0","45.0","true","0.0","#Forward","false","12.6563","false","31.28","16274847540","0.0","97.0","45.0","true","0.0","#Forward","false","5.282","false","31.28","Match"
"16274847540","5.0032","94.0","45.0","true","0.0","#Forward","false","12.6563","false","31.28","16274847540","0.0","97.0","45.0","true","0.0","#Forward","false","5.282","false","31.28"," ","16274847550","5.0024","97.0","45.0","true","0.0","#Forward","false","13.0664","false","31.28","16274847550","0.0","100.0","45.0","true","0.0","#Forward","false","5.56","false","31.28","Match"
"16274847550","5.0024","97.0","45.0","true","0.0","#Forward","false","13.0664","false","31.28","16274847550","0.0","100.0","45.0","true","0.0","#Forward","false","5.56","false","31.28"," ","16274847560","4.9988","100.0","45.0","true","0.0","#Forward","false","13.4621","false","31.28","16274847560","0.0","103.0","45.0","true","0.0","#Forward","false","5.838","false","31.28","Match"
"16274847560","4.9988","100.0","45.0","true","0.0","#Forward","false","13.4621","false","31.28","16274847560","0.0","103.0","45.0","true","0.0","#Forward","false","5.838","false","31.28"," ","16274847570","5.0044","103.0","45.0","true","0.0","#Forward","false","13.8697","false","31.28","16274847570","0.0","106.0","45.0","true","0.0","#Forward","false","6.116","false","31.28","Match"
"16274847570","5.0044","103.0","45.0","true","0.0","#Forward","false","13.8697","false","31.28","16274847570","0.0","106.0","45.0","true","0.0","#Forward","false","6.116","false","31.28"," ","16274847580","4.9996","106.0","45.0","true","0.0","#Forward","false","14.2685","false","31.28","16274847580","0.0","109.0","45.0","true","0.0","#Forward","false","6.394","false","31.28","Match"
"16274847580","4.9996","106.0","45.0","true","0.0","#Forward","false","14.2685","false","31.28","16274847580","0.0","109.0","45.0","true","0.0","#Forward","false","6.394","false","31.28"," ","16274847590","5.0007","109.0","45.0","true","0.0","#Forward","false","14.6736","false","31.28","16274847590","0.0","112.0","45.0","true","0.0","#Forward","false","6.672","false","31.28","Match"
"16274847590","5.0007","109.0","45.0","true","0.0","#Forward","false","14.6736","false","31.28","16274847590","0.0","112.0","45.0","true","0.0","#Forward","false","6.672","false","31.28"," ","16274847600","4.997","112.0","45.0","true","0.0","#Forward","false","15.0734","false","31.28","16274847600","0.0","115.0","45.0","true","0.0","#Forward","false","6.95","false","31.28","Match"
"16274847600","4.997","112.0","45.0","true","0.0","#Forward","false","15.0734","false","31.28","16274847600","0.0","115.0","45.0","true","0.0","#Forward","false","6.95","false","31.28"," ","16274847610","5.0012","115.0","45.0","true","0.0","#Forward","false","15.234","false","31.28","16274847610","0.0","118.0","45.0","true","0.0","#Forward","false","7.228","false","31.28","Match"
"16274847610","5.0012","115.0","45.0","true","0.0","#Forward","false","15.234","false","31.28","16274847610","0.0","118.0","45.0","true","0.0","#Forward","false","7.228","false","31.28"," ","16274847620","4.9996","118.0","45.0","true","0.0","#Forward","false","15.3871","false","31.28","16274847620","0.0","121.0","45.0","true","0.0","#Forward","false","7.506","false","31.28","Match"
"16274847620","4.9996","118.0","45.0","true","0.0","#Forward","false","15.3871","false","31.28","16274847620","0.0","121.0","45.0","true","0.0","#Forward","false","7.506","false","31.28"," ","16274847630","4.9998","121.0","45.0","true","0.0","#Forward","false","15.5386","false","31.28","16274847630","0.0","124.0","45.0","true","0.0","#Forward","false","7.784","false","31.28","Match"
"16274847630","4.9998","121.0","45.0","true","0.0","#Forward","false","15.5386","false","31.28","16274847630","0.0","124.0","45.0","true","0.0","#Forward","false","7.784","false","31.28"," ","16274847640","4.9985","124.0","45.0","true","0.0","#Forward","false","15.6925","false","31.28","16274847640","0.0","127.0","45.0","true","0.0","#Forward","false","8.062","false","31.28","Match"
"16274847640","4.9985","124.0","45.0","true","0.0","#Forward","false","15.6925","false","31.28","16274847640","0.0","127.0","45.0","true","0.0","#Forward","false","8.062","false","31.28"," ","16274847650","5.003","127.0","45.0","true","0.0","#Forward","false","15.8423","false","31.28","16274847650","0.0","130.0","45.0","true","0.0","#Forward","false","8.34","false","31.28","Match"
"16274847650","5.003","127.0","45.0","true","0.0","#Forward","false","15.8423","false","31.28","16274847650","0.0","130.0","45.0","true","0.0","#Forward","false","8.34","false","31.28"," ","16274847660","4.9957","130.0","45.0","true","0.0","#Forward","false","15.9923","false","31.28","16274847660","0.0","133.0","45.0","true","0.0","#Forward","false","8.618","false","31.28","Match"
"16274847660","4.9957","130.0","45.0","true","0.0","#Forward","false","15.9923","false","31.28","16274847660","0.0","133.0","45.0","true","0.0","#Forward","false","8.618","false","31.28"," ","16274847670","4.9976","133.0","45.0","true","0.0","#Forward","false","16.1501","false","31.28","16274847670","0.0","136.0","45.0","true","0.0","#Forward","false","8.896","false","31.28","Match"
"16274847670","4.9976","133.0","45.0","true","0.0","#Forward","false","16.1501","false","31.28","16274847670","0.0","136.0","45.0","true","0.0","#Forward","false","8.896","false","31.28"," ","16274847680","5.0026","136.0","45.0","true","0.0","#Forward","false","16.2997","false","31.28","16274847680","0.0","139.0","45.0","true","0.0","#Forward","false","9.174","false","31.28","Match"
"16274847680","5.0026","136.0","45.0","true","0.0","#Forward","false","16.2997","false","31.28","16274847680","0.0","139.0","45.0","true","0.0","#Forward","false","9.174","false","31.28"," ","16274847690","4.9996","139.0","45.0","true","0.0","#Forward","false","16.4582","false","31.28","16274847690","0.0","142.0","45.0","true","0.0","#Forward","false","9.452","false","31.28","Match"
"16274847690","4.9996","139.0","45.0","true","0.0","#Forward","false","16.4582","false","31.28","16274847690","0.0","142.0","45.0","true","0.0","#Forward","false","9.452","false","31.28"," ","16274847700","4.9978","142.0","45.0","true","0.0","#Forward","false","16.6124","false","31.28","16274847700","0.0","145.0","45.0","true","0.0","#Forward","false","9.73","false","31.28","Match"
"16274847700","4.9978","142.0","45.0","true","0.0","#Forward","false","16.6124","false","31.28","16274847700","0.0","145.0","45.0","true","0.0","#Forward","false","9.73","false","31.28"," ","16274847710","5.0049","145.0","45.0","true","0.0","#Forward","false","16.7639","false","31.28","16274847710","0.0","148.0","45.0","true","0.0","#Forward","false","10.008","false","31.28","Match"
"16274847710","5.0049","145.0","45.0","true","0.0","#Forward","false","16.7639","false","31.28","16274847710","0.0","148.0","45.0","true","0.0","#Forward","false","10.008","false","31.28"," ","16274847720","4.9957","148.0","45.0","true","0.0","#Forward","false","16.9106","false","31.28","16274847720","0.0","151.0","45.0","true","0.0","#Forward","false","10.286","false","31.28","Match"
"16274847720","4.9957","148.0","45.0","true","0.0","#Forward","false","16.9106","false","31.28","16274847720","0.0","151.0","45.0","true","0.0","#Forward","false","10.286","false","31.28"," ","16274847730","5.002","151.0","45.0","true","0.0","#Forward","false","17.0679","false","31.28","16274847730","0.0","154.0","45.0","true","0.0","#Forward","false","10.564","false","31.28","Match"
"16274847730","5.002","151.0","45.0","true","0.0","#Forward","false","17.0679","false","31.28","16274847730","0.0","154.0","45.0","true","0.0","#Forward","false","10.564","false","31.28"," ","16274847740","5.0049","154.0","45.0","true","0.0","#Forward","false","17.2195","false","31.28","16274847740","0.0","157.0","45.0","true","0.0","#Forward","false","10.842","false","31.28","Match"
"16274847740","5.0049","154.0","45.0","true","0.0","#Forward","false","17.2195","false","31.28","16274847740","0.0","157.0","45.0","true","0.0","#Forward","false","10.842","false","31.28"," ","16274847750","4.9979","157.0","45.0","true","0.0","#Forward","false","17.3682","false","31.28","16274847750","0.0","160.0","45.0","true","0.0","#Forward","false","11.12","false","31.28","Match"
"16274847750","4.9979","157.0","45.0","true","0.0","#Forward","false","17.3682","false","31.28","16274847750","0.0","160.0","45.0","true","0.0","#Forward","false","11.12","false","31.28"," ","16274847760","5.0032","160.0","45.0","true","0.0","#Forward","false","17.5242","false","31.28","16274847760","0.0","163.0","45.0","true","0.0","#Forward","false","11.398","false","31.28","Match"
"16274847760","5.0032","160.0","45.0","true","0.0","#Forward","false","17.5242","false","31.28","16274847760","0.0","163.0","45.0","true","0.0","#Forward","false","11.398","false","31.28"," ","16274847770","5.004","163.0","45.0","true","0.0","#Forward","false","17.6834","false","31.28","16274847770","0.0","166.0","45.0","true","0.0","#Forward","false","11.676","false","31.28","Match"
"16274847770","5.004","163.0","45.0","true","0.0","#Forward","false","17.6834","false","31.28","16274847770","0.0","166.0","45.0","true","0.0","#Forward","false","11.676","false","31.28"," ","16274847780","5.0007","166.0","45.0","true","0.0","#Forward","false","17.8328","false","31.28","16274847780","0.0","169.0","45.0","true","0.0","#Forward","false","11.954","false","31.28","Match"
"16274847780","5.0007","166.0","45.0","true","0.0","#Forward","false","17.8328","false","31.28","16274847780","0.0","169.0","45.0","true","0.0","#Forward","false","11.954","false","31.28"," ","16274847790","4.9969","169.0","45.0","true","0.0","#Forward","false","17.9844","false","31.28","16274847790","0.0","172.0","45.0","true","0.0","#Forward","false","12.232","false","31.28","Match"
"16274847790","4.9969","169.0","45.0","true","0.0","#Forward","false","17.9844","false","31.28","16274847790","0.0","172.0","45.0","true","0.0","#Forward","false","12.232","false","31.28"," ","16274847800","4.9982","172.0","45.0","true","0.0","#Forward","false","18.1385","false","31.28","16274847800","0.0","175.0","45.0","true","0.0","#Forward","false","12.51","false","31.28","Match"
"16274847800","4.9982","172.0","45.0","true","0.0","#Forward","false","18.1385","false","31.28","16274847800","0.0","175.0","45.0","true","0.0","#Forward","false","12.51","false","31.28"," ","16274847810","5.0035","175.0","45.0","true","0.0","#Forward","false","18.2944","false","31.28","16274847810","0.0","178.0","45.0","true","0.0","#Forward","false","12.788","false","31.28","Match"
"16274847810","5.0035","175.0","45.0","true","0.0","#Forward","false","18.2944","false","31.28","16274847810","0.0","178.0","45.0","true","0.0","#Forward","false","12.788","false","31.28"," ","16274847820","4.9983","178.0","45.0","true","0.0","#Forward","false","18.4443","false","31.28","16274847820","0.0","181.0","45.0","true","0.0","#Forward","false","13.066","false","31.28","Match"
"16274847820","4.9983","178.0","45.0","true","0.0","#Forward","false","18.4443","false","31.28","16274847820","0.0","181.0","45.0","true","0.0","#Forward","false","13.066","false","31.28"," ","16274847830","4.9955","181.0","45.0","true","0.0","#Forward","false","18.5968","false","31.28","16274847830","0.0","184.0","45.0","true","0.0","#Forward","false","13.344","false","31.28","Match"
"16274847830","4.9955","181.0","45.0","true","0.0","#Forward","false","18.5968","false","31.28","16274847830","0.0","184.0","45.0","true","0.0","#Forward","false","13.344","false","31.28"," ","16274847840","5.0044","184.0","45.0","true","0.0","#Forward","false","18.7459","false","31.28","16274847840","0.0","187.0","45.0","true","0.0","#Forward","false","13.622","false","31.28","Match"
"16274847840","5.0044","184.0","45.0","true","0.0","#Forward","false","18.7459","false","31.28","16274847840","0.0","187.0","45.0","true","0.0","#Forward","false","13.622","false","31.28"," ","16274847850","5.0048","187.0","45.0","false","0.0","#Rotate","false","18.896","false","31.28","16274847850","0.0","190.0","45.0","false","0.0","#Rotate","false","13.9","false","31.28","Match"
"16274847850","5.0048","187.0","45.0","false","0.0","#Rotate","false","18.896","false","31.28","16274847850","0.0","190.0","45.0","false","0.0","#Rotate","false","13.9","false","31.28"," ","16274847860","5.0048","187.0","45.0","false","0.52","#Rotate","false","18.896","false","31.28","16274847860","0.0","190.0","45.0","false","0.52","#Rotate","false","13.9","false","31.28","Match"
"16274847860","5.0048","187.0","45.0","false","0.52","#Rotate","false","18.896","false","31.28","16274847860","0.0","190.0","45.0","false","0.52","#Rotate","false","13.9","false","31.28"," ","16274847870","5.0048","187.0","45.0","false","1.05","#Rotate","false","18.896","false","31.28","16274847870","0.0","190.0","45.0","false","1.05","#Rotate","false","13.9","false","31.28","Match"
"16274847870","5.0048","187.0","45.0","false","1.05","#Rotate","false","18.896","false","31.28","16274847870","0.0","190.0","45.0","false","1.05","#Rotate","false","13.9","false","31.28"," ","16274847880","5.0048","187.0","45.0","false","1.57","#Forward","false","18.896","false","31.28","16274847880","0.0","190.0","45.0","false","1.57","#Forward","false","13.9","false","31.28","Match"
"16274847880","5.0048","187.0","45.0","false","1.57","#Forward","false","18.896","false","31.28","16274847880","0.0","190.0","45.0","false","1.57","#Forward","false","13.9","false","31.28"," ","16274847890","5.5379","187.0","45.0","true","1.57","#Forward","false","18.8987","false","31.28","16274847890","0.278","190.0","45.0","true","1.57","#Forward","false","13.9","false","31.28","Match"
"16274847890","5.5379","187.0","45.0","true","1.57","#Forward","false","18.8987","false","31.28","16274847890","0.278","190.0","45.0","true","1.57","#Forward","false","13.9","false","31.28"," ","16274847900","6.0617","187.0","45.0","true","1.57","#Forward","false","18.8974","false","31.28","16274847900","0.556","190.0","45.0","true","1.57","#Forward","false","13.9","false","31.28","Match"
"16274847900","6.0617","187.0","45.0","true","1.57","#Forward","false","18.8974","false","31.28","16274847900","0.556","190.0","45.0","true","1.57","#Forward","false","13.9","false","31.28"," ","16274847910","6.5861","187.0","45.0","true","1.57","#Forward","false","18.8995","false","31.28","16274847910","0.834","190.0","45.0","true","1.57","#Forward","false","13.9","false","31.28","Match"
"16274847910","6.5861","187.0","45.0","true","1.57","#Forward","false","18.8995","false","31.28","16274847910","0.834","190.0","45.0","true","1.57","#Forward","false","13.9","false","31.28"," ","16274847920","7.1177","187.0","45.0","true","1.57","#Forward","false","18.9025","false","31.28","16274847920","1.112","190.0","45.0","true","1.57","#Forward","false","13.9","false","31.28","Match"
"16274847920","7.1177","187.0","45.0","true","1.57","#Forward","false","18.9025","false","31.28","16274847920","1.112","190.0","45.0","true","1.57","#Forward","false","13.9","false","31.28"," ","16274847930","7.6405","187.0","45.0","true","1.57","#Forward","false","18.8981","false","31.28","16274847930","1.39","190.0","45.0","true","1.57","#Forward","false","13.9","false","31.28","Match"
"16274847930","7.6405","187.0","45.0","true","1.57","#Forward","false","18.8981","false","31.28","16274847930","1.39","190.0","45.0","true","1.57","#Forward","false","13.9","false","31.28"," ","16274847940","8.1769","187.0","45.0","true","1.57","#Forward","false","18.8991","false","31.28","16274847940","1.668","190.0","45.0","true","1.57","#Forward","false","13.9","false","31.28","Match"
"16274847940","8.1769","187.0","45.0","true","1.57","#Forward","false","18.8991","false","31.28","16274847940","1.668","190.0","45.0","true","1.57","#Forward","false","13.9","false","31.28"," ","16274847950","8.7035","187.0","45.0","true","1.57","#Forward","false","18.8958","false","31.28","16274847950","1.946","190.0","45.0","true","1.57","#Forward","false","13.9","false","31.28","Match"
"16274847950","8.7035","187.0","45.0","true","1.57","#Forward","false","18.8958","false","31.28","16274847950","1.946","190.0","45.0","true","1.57","#Forward","false","13.9","false","31.28"," ","16274847960","9.2268","187.0","45.0","true","1.57","#Forward","false","18.9016","false","31.28","16274847960","2.224","190.0","45.0","true","1.57","#Forward","false","13.9","false","31.28","Match"
"16274847960","9.2268","187.0","45.0","true","1.57","#Forward","false","18.9016","false","31.28","16274847960","2.224","190.0","45.0","true","1.57","#Forward","false","13.9","false","31.28"," ","16274847970","9.755","187.0","45.0","true","1.57","#Forward","false","18.8998","false","31.28","16274847970","2.502","190.0","45.0","true","1.57","#Forward","false","13.9","false","31.28","Match"
"16274847970","9.755","187.0","45.0","true","1.57","#Forward","false","18.8998","false","31.28","16274847970","2.502","190.0","45.0","true","1.57","#Forward","false","13.9","false","31.28"," ","16274847980","10.2828","187.0","45.0","true","1.57","#Forward","false","18.9017","false","31.28","16274847980","2.78","190.0","45.0","true","1.57","#Forward","false","13.9","false","31.28","Match"
"16274847980","10.2828","187.0","45.0","true","1.57","#Forward","false","18.9017","false","31.28","16274847980","2.78","190.0","45.0","true","1.57","#Forward","false","13.9","false","31.28"," ","16274847990","10.8134","187.0","45.0","true","1.57","#Forward","false","18.9028","false","31.28","16274847990","3.058","190.0","45.0","true","1.57","#Forward","false","13.9","false","31.28","Match"
"16274847990","10.8134","187.0","45.0","true","1.57","#Forward","false","18.9028","false","31.28","16274847990","3.058","190.0","45.0","true","1.57","#Forward","false","13.9","false","31.28"," ","16274848000","11.3375","187.0","45.0","true","1.57","#Forward","false","18.8967","false","31.28","16274848000","3.336","190.0","45.0","true","1.57","#Forward","false","13.9","false","31.28","Match"
"16274848000","11.3375","187.0","45.0","true","1.57","#Forward","false","18.8967","false","31.28","16274848000","3.336","190.0","45.0","true","1.57","#Forward","false","13.9","false","31.28"," ","16274848010","11.866","187.0","45.0","true","1.57","#Forward","false","18.8995","false","31.28","16274848010","3.614","190.0","45.0","true","1.57","#Forward","false","13.9","false","31.28","Match"
"16274848010","11.866","187.0","45.0","true","1.57","#Forward","false","18.8995","false","31.28","16274848010","3.614","190.0","45.0","true","1.57","#Forward","false","13.9","false","31.28"," ","16274848020","12.397","187.0","45.0","true","1.57","#Forward","false","18.8955","false","31.28","16274848020","3.892","190.0","45.0","true","1.57","#Forward","false","13.9","false","31.28","Match"
"16274848020","12.397","187.0","45.0","true","1.57","#Forward","false","18.8955","false","31.28","16274848020","3.892","190.0","45.0","true","1.57","#Forward","false","13.9","false","31.28"," ","16274848030","12.928","187.0","45.0","true","1.57","#Forward","false","18.8978","false","31.28","16274848030","4.17","190.0","45.0","true","1.57","#Forward","false","13.9","false","31.28","Match"
"16274848030","12.928","187.0","45.0","true","1.57","#Forward","false","18.8978","false","31.28","16274848030","4.17","190.0","45.0","true","1.57","#Forward","false","13.9","false","31.28"," ","16274848040","13.4486","187.0","45.0","true","1.57","#Forward","false","18.9047","false","31.28","16274848040","4.448","190.0","45.0","true","1.57","#Forward","false","13.9","false","31.28","Match"
"16274848040","13.4486","187.0","45.0","true","1.57","#Forward","false","18.9047","false","31.28","16274848040","4.448","190.0","45.0","true","1.57","#Forward","false","13.9","false","31.28"," ","16274848050","13.9777","187.0","45.0","true","1.57","#Forward","false","18.9042","false","31.28","16274848050","4.726","190.0","45.0","true","1.57","#Forward","false","13.9","false","31.28","Match"
"16274848050","13.9777","187.0","45.0","true","1.57","#Forward","false","18.9042","false","31.28","16274848050","4.726","190.0","45.0","true","1.57","#Forward","false","13.9","false","31.28"," ","-","-","-","-","-","-","-","-","-","-","-","16274848060","5.004","190.0","45.0","true","1.57","#Forward","false","13.9","false","31.28","Insertion"
"16274848060","14.5127","187.0","45.0","true","1.57","#Forward","false","18.9011","false","31.28","16274848060","5.004","190.0","45.0","true","1.57","#Forward","false","13.9","false","31.28"," ","16274848060","14.5127","187.0","45.0","true","1.57","#Forward","false","18.9011","false","31.28","-","-","-","-","-","-","-","-","-","-","-","Deletion"
"16274848070","15.0334","187.0","45.0","true","1.57","#Forward","false","18.9043","false","31.28","16274848070","5.282","190.0","45.0","true","1.57","#Forward","false","13.9","false","31.28"," ","-","-","-","-","-","-","-","-","-","-","-","16274848070","5.282","190.0","45.0","true","1.57","#Forward","false","13.9","false","31.28","Insertion"
"16274848080","15.566","187.0","45.0","true","1.57","#Forward","false","18.9033","false","31.28","16274848080","5.56","190.0","45.0","true","1.57","#Forward","false","13.9","false","31.28"," ","16274848070","15.0334","187.0","45.0","true","1.57","#Forward","false","18.9043","false","31.28","16274848080","5.56","190.0","45.0","true","1.57","#Forward","false","13.9","false","31.28","Match"
"16274848090","16.0898","187.0","45.0","true","1.57","#Forward","false","18.8964","false","31.28","16274848090","5.838","190.0","45.0","true","1.57","#Forward","false","13.9","false","31.28"," ","-","-","-","-","-","-","-","-","-","-","-","16274848090","5.838","190.0","45.0","true","1.57","#Forward","false","13.9","false","31.28","Insertion"
"16274848100","16.6199","187.0","45.0","true","1.57","#Forward","false","18.9034","false","31.28","16274848100","6.116","190.0","45.0","true","1.57","#Forward","false","13.9","false","31.28"," ","16274848080","15.566","187.0","45.0","true","1.57","#Forward","false","18.9033","false","31.28","-","-","-","-","-","-","-","-","-","-","-","Deletion"
"16274848110","17.1447","187.0","45.0","true","1.57","#Forward","false","18.8961","false","31.28","16274848110","6.394","190.0","45.0","true","1.57","#Forward","false","13.9","false","31.28"," ","-","-","-","-","-","-","-","-","-","-","-","16274848100","6.116","190.0","45.0","true","1.57","#Forward","false","13.9","false","31.28","Insertion"
"16274848120","17.6695","187.0","45.0","true","1.57","#Forward","false","18.9008","false","31.28","16274848120","6.672","190.0","45.0","true","1.57","#Forward","false","13.9","false","31.28"," ","-","-","-","-","-","-","-","-","-","-","-","16274848110","6.394","190.0","45.0","true","1.57","#Forward","false","13.9","false","31.28","Insertion"
"16274848130","18.0195","187.0","45.0","true","1.57","#Forward","false","18.9034","false","31.28","16274848130","6.95","190.0","45.0","true","1.57","#Forward","false","13.9","false","31.28"," ","16274848090","16.0898","187.0","45.0","true","1.57","#Forward","false","18.8964","false","31.28","-","-","-","-","-","-","-","-","-","-","-","Deletion"
"16274848140","18.046","187.0","45.0","true","1.57","#Forward","false","18.9041","false","31.28","16274848140","7.228","190.0","45.0","true","1.57","#Forward","false","13.9","false","31.28"," ","-","-","-","-","-","-","-","-","-","-","-","16274848120","6.672","190.0","45.0","true","1.57","#Forward","false","13.9","false","31.28","Insertion"
"16274848150","18.0749","187.0","45.0","true","1.57","#Forward","false","18.8979","false","31.28","16274848150","7.506","190.0","45.0","true","1.57","#Forward","false","13.9","false","31.28"," ","-","-","-","-","-","-","-","-","-","-","-","16274848130","6.95","190.0","45.0","true","1.57","#Forward","false","13.9","false","31.28","Insertion"
"16274848160","18.0997","187.0","45.0","true","1.57","#Forward","false","18.8958","false","31.28","16274848160","7.784","190.0","45.0","true","1.57","#Forward","false","13.9","false","31.28"," ","16274848100","16.6199","187.0","45.0","true","1.57","#Forward","false","18.9034","false","31.28","-","-","-","-","-","-","-","-","-","-","-","Deletion"
"16274848170","18.1247","187.0","45.0","true","1.57","#Forward","false","18.902","false","31.28","16274848170","8.062","190.0","45.0","true","1.57","#Forward","false","13.9","false","31.28"," ","-","-","-","-","-","-","-","-","-","-","-","16274848140","7.228","190.0","45.0","true","1.57","#Forward","false","13.9","false","31.28","Insertion"
"16274848180","18.1574","187.0","45.0","true","1.57","#Forward","false","18.9005","false","31.28","16274848180","8.34","190.0","45.0","true","1.57","#Forward","false","13.9","false","31.28"," ","-","-","-","-","-","-","-","-","-","-","-","16274848150","7.506","190.0","45.0","true","1.57","#Forward","false","13.9","false","31.28","Insertion"
"16274848190","18.182","187.0","45.0","true","1.57","#Forward","false","18.8953","false","31.28","16274848190","8.618","190.0","45.0","true","1.57","#Forward","false","13.9","false","31.28"," ","16274848110","17.1447","187.0","45.0","true","1.57","#Forward","false","18.8961","false","31.28","-","-","-","-","-","-","-","-","-","-","-","Deletion"
"16274848200","18.2156","187.0","45.0","true","1.57","#Forward","false","18.9021","false","31.28","16274848200","8.896","190.0","45.0","true","1.57","#Forward","false","13.9","false","31.28"," ","-","-","-","-","-","-","-","-","-","-","-","16274848160","7.784","190.0","45.0","true","1.57","#Forward","false","13.9","false","31.28","Insertion"
"16274848210","18.2448","187.0","45.0","true","1.57","#Forward","false","18.898","false","31.28","16274848210","9.174","190.0","45.0","true","1.57","#Forward","false","13.9","false","31.28"," ","-","-","-","-","-","-","-","-","-","-","-","16274848170","8.062","190.0","45.0","true","1.57","#Forward","false","13.9","false","31.28","Insertion"
"16274848220","18.2713","187.0","45.0","true","1.57","#Forward","false","18.8963","false","31.28","16274848220","9.452","190.0","45.0","true","1.57","#Forward","false","13.9","false","31.28"," ","16274848120","17.6695","187.0","45.0","true","1.57","#Forward","false","18.9008","false","31.28","-","-","-","-","-","-","-","-","-","-","-","Deletion"
"16274848230","18.2929","187.0","45.0","true","1.57","#Forward","false","18.9016","false","31.28","16274848230","9.73","190.0","45.0","true","1.57","#Forward","false","13.9","false","31.28"," ","16274848130","18.0195","187.0","45.0","true","1.57","#Forward","false","18.9034","false","31.28","-","-","-","-","-","-","-","-","-","-","-","Deletion"
"16274848240","18.3252","187.0","45.0","true","1.57","#Forward","false","18.9005","false","31.28","16274848240","10.008","190.0","45.0","true","1.57","#Forward","false","13.9","false","31.28"," ","16274848140","18.046","187.0","45.0","true","1.57","#Forward","false","18.9041","false","31.28","-","-","-","-","-","-","-","-","-","-","-","Deletion"
"16274848250","18.3518","187.0","45.0","true","1.57","#Forward","false","18.9012","false","31.28","16274848250","10.286","190.0","45.0","true","1.57","#Forward","false","13.9","false","31.28"," ","16274848150","18.0749","187.0","45.0","true","1.57","#Forward","false","18.8979","false","31.28","-","-","-","-","-","-","-","-","-","-","-","Deletion"
"16274848260","18.3755","187.0","45.0","true","1.57","#Forward","false","18.8978","false","31.28","16274848260","10.564","190.0","45.0","true","1.57","#Forward","false","13.9","false","31.28"," ","-","-","-","-","-","-","-","-","-","-","-","16274848180","8.34","190.0","45.0","true","1.57","#Forward","false","13.9","false","31.28","Insertion"
"16274848270","18.4066","187.0","45.0","true","1.57","#Forward","false","18.8953","false","31.28","16274848270","10.842","190.0","45.0","true","1.57","#Forward","false","13.9","false","31.28"," ","16274848160","18.0997","187.0","45.0","true","1.57","#Forward","false","18.8958","false","31.28","16274848190","8.618","190.0","45.0","true","1.57","#Forward","false","13.9","false","31.28","Match"
"16274848280","18.4407","187.0","45.0","true","1.57","#Forward","false","18.9008","false","31.28","16274848280","11.12","190.0","45.0","true","1.57","#Forward","false","13.9","false","31.28"," ","16274848170","18.1247","187.0","45.0","true","1.57","#Forward","false","18.902","false","31.28","-","-","-","-","-","-","-","-","-","-","-","Deletion"
"16274848290","18.4651","187.0","45.0","true","1.57","#Forward","false","18.8963","false","31.28","16274848290","11.398","190.0","45.0","true","1.57","#Forward","false","13.9","false","31.28"," ","16274848180","18.1574","187.0","45.0","true","1.57","#Forward","false","18.9005","false","31.28","-","-","-","-","-","-","-","-","-","-","-","Deletion"
"16274848300","18.4917","187.0","45.0","true","1.57","#Forward","false","18.903","false","31.28","16274848300","11.676","190.0","45.0","true","1.57","#Forward","false","13.9","false","31.28"," ","16274848190","18.182","187.0","45.0","true","1.57","#Forward","false","18.8953","false","31.28","-","-","-","-","-","-","-","-","-","-","-","Deletion"
"16274848310","18.5208","187.0","45.0","true","1.57","#Forward","false","18.9049","false","31.28","16274848310","11.954","190.0","45.0","true","1.57","#Forward","false","13.9","false","31.28"," ","16274848200","18.2156","187.0","45.0","true","1.57","#Forward","false","18.9021","false","31.28","16274848200","8.896","190.0","45.0","true","1.57","#Forward","false","13.9","false","31.28","Match"
"16274848320","18.5517","187.0","45.0","true","1.57","#Forward","false","18.9048","false","31.28","16274848320","12.232","190.0","45.0","true","1.57","#Forward","false","13.9","false","31.28"," ","16274848210","18.2448","187.0","45.0","true","1.57","#Forward","false","18.898","false","31.28","16274848210","9.174","190.0","45.0","true","1.57","#Forward","false","13.9","false","31.28","Match"
"16274848330","18.5767","187.0","45.0","true","1.57","#Forward","false","18.8983","false","31.28","16274848330","12.51","190.0","45.0","true","1.57","#Forward","false","13.9","false","31.28"," ","16274848220","18.2713","187.0","45.0","true","1.57","#Forward","false","18.8963","false","31.28","16274848220","9.452","190.0","45.0","true","1.57","#Forward","false","13.9","false","31.28","Match"
"16274848340","18.6041","187.0","45.0","true","1.57","#Forward","false","18.8952","false","31.28","16274848340","12.788","190.0","45.0","true","1.57","#Forward","false","13.9","false","31.28"," ","16274848230","18.2929","187.0","45.0","true","1.57","#Forward","false","18.9016","false","31.28","16274848230","9.73","190.0","45.0","true","1.57","#Forward","false","13.9","false","31.28","Match"
"16274848350","18.6283","187.0","45.0","true","1.57","#Forward","false","18.896","false","31.28","16274848350","13.066","190.0","45.0","true","1.57","#Forward","false","13.9","false","31.28"," ","16274848240","18.3252","187.0","45.0","true","1.57","#Forward","false","18.9005","false","31.28","16274848240","10.008","190.0","45.0","true","1.57","#Forward","false","13.9","false","31.28","Match"
"16274848360","18.6534","187.0","45.0","true","1.57","#Forward","false","18.9016","false","31.28","16274848360","13.344","190.0","45.0","true","1.57","#Forward","false","13.9","false","31.28"," ","16274848250","18.3518","187.0","45.0","true","1.57","#Forward","false","18.9012","false","31.28","16274848250","10.286","190.0","45.0","true","1.57","#Forward","false","13.9","false","31.28","Match"
"16274848370","18.7784","187.0","45.0","true","1.57","#Forward","false","18.9027","false","31.28","16274848370","13.622","190.0","45.0","true","1.57","#Forward","false","13.9","false","31.28"," ","16274848260","18.3755","187.0","45.0","true","1.57","#Forward","false","18.8978","false","31.28","16274848260","10.564","190.0","45.0","true","1.57","#Forward","false","13.9","false","31.28","Match"
"16274848380","18.8969","187.0","45.0","false","1.57","#Rotate","false","18.8999","false","31.28","16274848380","13.9","190.0","45.0","false","1.57","#Rotate","false","13.9","false","31.28"," ","16274848270","18.4066","187.0","45.0","true","1.57","#Forward","false","18.8953","false","31.28","16274848270","10.842","190.0","45.0","true","1.57","#Forward","false","13.9","false","31.28","Match"
"16274848390","18.8969","187.0","45.0","false","2.09","#Rotate","false","18.8999","false","31.28","16274848390","13.9","190.0","45.0","false","2.09","#Rotate","false","13.9","false","31.28"," ","16274848280","18.4407","187.0","45.0","true","1.57","#Forward","false","18.9008","false","31.28","16274848280","11.12","190.0","45.0","true","1.57","#Forward","false","13.9","false","31.28","Match"
"16274848400","18.8969","187.0","45.0","false","2.61","#Rotate","false","18.8999","false","31.28","16274848400","13.9","190.0","45.0","false","2.61","#Rotate","false","13.9","false","31.28"," ","16274848290","18.4651","187.0","45.0","true","1.57","#Forward","false","18.8963","false","31.28","16274848290","11.398","190.0","45.0","true","1.57","#Forward","false","13.9","false","31.28","Match"
"16274848410","18.8969","184.0","45.0","false","3.14","#Forward","false","18.9985","false","31.28","16274848410","13.9","187.0","45.0","false","3.14","#Forward","false","13.9","false","31.28"," ","16274848300","18.4917","187.0","45.0","true","1.57","#Forward","false","18.903","false","31.28","16274848300","11.676","190.0","45.0","true","1.57","#Forward","false","13.9","false","31.28","Match"
"16274848420","18.9024","181.0","45.0","true","3.14","#Forward","false","18.5948","false","31.28","16274848420","13.9","184.0","45.0","true","3.14","#Forward","false","13.622","false","31.28"," ","16274848310","18.5208","187.0","45.0","true","1.57","#Forward","false","18.9049","false","31.28","16274848310","11.954","190.0","45.0","true","1.57","#Forward","false","13.9","false","31.28","Match"
"16274848430","18.9038","178.0","45.0","true","3.14","#Forward","false","18.1915","false","31.28","16274848430","13.9","181.0","45.0","true","3.14","#Forward","false","13.344","false","31.28"," ","16274848320","18.5517","187.0","45.0","true","1.57","#Forward","false","18.9048","false","31.28","16274848320","12.232","190.0","45.0","true","1.57","#Forward","false","13.9","false","31.28","Match"
"16274848440","18.8957","175.0","45.0","true","3.14","#Forward","false","17.7834","false","31.28","16274848440","13.9","178.0","45.0","true","3.14","#Forward","false","13.066","false","31.28"," ","16274848330","18.5767","187.0","45.0","true","1.57","#Forward","false","18.8983","false","31.28","16274848330","12.51","190.0","45.0","true","1.57","#Forward","false","13.9","false","31.28","Match"
"16274848450","18.8983","172.0","45.0","true","3.14","#Forward","false","17.3846","false","31.28","16274848450","13.9","175.0","45.0","true","3.14","#Forward","false","12.788","false","31.28"," ","16274848340","18.6041","187.0","45.0","true","1.57","#Forward","false","18.8952","false","31.28","16274848340","12.788","190.0","45.0","true","1.57","#Forward","false","13.9","false","31.28","Match"
"16274848460","18.8984","169.0","45.0","true","3.14","#Forward","false","16.9853","false","31.28","16274848460","13.9","172.0","45.0","true","3.14","#Forward","false","12.51","false","31.28"," ","16274848350","18.6283","187.0","45.0","true","1.57","#Forward","false","18.896","false","31.28","16274848350","13.066","190.0","45.0","true","1.57","#Forward","false","13.9","false","31.28","Match"
"16274848470","18.8979","166.0","45.0","true","3.14","#Forward","false","16.5787","false","31.28","16274848470","13.9","169.0","45.0","true","3.14","#Forward","false","12.232","false","31.28"," ","16274848360","18.6534","187.0","45.0","true","1.57","#Forward","false","18.9016","false","31.28","16274848360","13.344","190.0","45.0","true","1.57","#Forward","false","13.9","false","31.28","Match"
"16274848480","18.9022","163.0","45.0","true","3.14","#Forward","false","16.1808","false","31.28","16274848480","13.9","166.0","45.0","true","3.14","#Forward","false","11.954","false","31.28"," ","16274848370","18.7784","187.0","45.0","true","1.57","#Forward","false","18.9027","false","31.28","16274848370","13.622","190.0","45.0","true","1.57","#Forward","false","13.9","false","31.28","Match"
"16274848490","18.9023","160.0","45.0","true","3.14","#Forward","false","15.7694","false","31.28","16274848490","13.9","163.0","45.0","true","3.14","#Forward","false","11.676","false","31.28"," ","16274848380","18.8969","187.0","45.0","false","1.57","#Rotate","false","18.8999","false","31.28","16274848380","13.9","190.0","45.0","false","1.57","#Rotate","false","13.9","false","31.28","Match"
"16274848500","18.902","157.0","45.0","true","3.14","#Forward","false","15.3679","false","31.28","16274848500","13.9","160.0","45.0","true","3.14","#Forward","false","11.398","false","31.28"," ","16274848390","18.8969","187.0","45.0","false","2.09","#Rotate","false","18.8999","false","31.28","16274848390","13.9","190.0","45.0","false","2.09","#Rotate","false","13.9","false","31.28","Match"
"16274848510","18.8988","154.0","45.0","true","3.14","#Forward","false","14.9695","false","31.28","16274848510","13.9","157.0","45.0","true","3.14","#Forward","false","11.12","false","31.28"," ","16274848400","18.8969","187.0","45.0","false","2.61","#Rotate","false","18.8999","false","31.28","16274848400","13.9","190.0","45.0","false","2.61","#Rotate","false","13.9","false","31.28","Match"
"16274848520","18.8953","151.0","45.0","true","3.14","#Forward","false","14.5663","false","31.28","16274848520","13.9","154.0","45.0","true","3.14","#Forward","false","10.842","false","31.28"," ","16274848410","18.8969","184.0","45.0","false","3.14","#Forward","false","18.9985","false","31.28","16274848410","13.9","187.0","45.0","false","3.14","#Forward","false","13.9","false","31.28","Match"
"16274848530","18.9007","148.0","45.0","true","3.14","#Forward","false","14.1635","false","31.28","16274848530","13.9","151.0","45.0","true","3.14","#Forward","false","10.564","false","31.28"," ","16274848420","18.9024","181.0","45.0","true","3.14","#Forward","false","18.5948","false","31.28","16274848420","13.9","184.0","45.0","true","3.14","#Forward","false","13.622","false","31.28","Match"
"16274848540","18.9026","145.0","45.0","true","3.14","#Forward","false","13.758","false","31.28","16274848540","13.9","148.0","45.0","true","3.14","#Forward","false","10.286","false","31.28"," ","16274848430","18.9038","178.0","45.0","true","3.14","#Forward","false","18.1915","false","31.28","16274848430","13.9","181.0","45.0","true","3.14","#Forward","false","13.344","false","31.28","Match"
"16274848550","18.8982","142.0","45.0","true","3.14","#Forward","false","13.3589","false","31.28","16274848550","13.9","145.0","45.0","true","3.14","#Forward","false","10.008","false","31.28"," ","16274848440","18.8957","175.0","45.0","true","3.14","#Forward","false","17.7834","false","31.28","16274848440","13.9","178.0","45.0","true","3.14","#Forward","false","13.066","false","31.28","Match"
"16274848560","18.904","139.0","45.0","true","3.14","#Forward","false","12.9553","false","31.28","16274848560","13.9","142.0","45.0","true","3.14","#Forward","false","9.73","false","31.28"," ","16274848450","18.8983","172.0","45.0","true","3.14","#Forward","false","17.3846","false","31.28","16274848450","13.9","175.0","45.0","true","3.14","#Forward","false","12.788","false","31.28","Match"
"16274848570","18.8972","136.0","45.0","true","3.14","#Forward","false","12.5494","false","31.28","16274848570","13.9","139.0","45.0","true","3.14","#Forward","false","9.452","false","31.28"," ","16274848460","18.8984","169.0","45.0","true","3.14","#Forward","false","16.9853","false","31.28","16274848460","13.9","172.0","45.0","true","3.14","#Forward","false","12.51","false","31.28","Match"
"16274848580","18.8956","133.0","45.0","true","3.14","#Forward","false","12.1433","false","31.28","16274848580","13.9","136.0","45.0","true","3.14","#Forward","false","9.174","false","31.28"," ","16274848470","18.8979","166.0","45.0","true","3.14","#Forward","false","16.5787","false","31.28","16274848470","13.9","169.0","45.0","true","3.14","#Forward","false","12.232","false","31.28","Match"
"16274848590","18.8976","130.0","45.0","true","3.14","#Forward","false","11.7477","false","31.28","16274848590","13.9","133.0","45.0","true","3.14","#Forward","false","8.896","false","31.28"," ","16274848480","18.9022","163.0","45.0","true","3.14","#Forward","false","16.1808","false","31.28","16274848480","13.9","166.0","45.0","true","3.14","#Forward","false","11.954","false","31.28","Match"
"16274848600","18.9017","127.0","45.0","true","3.14","#Forward","false","11.3437","false","31.28","16274848600","13.9","130.0","45.0","true","3.14","#Forward","false","8.618","false","31.28"," ","16274848490","18.9023","160.0","45.0","true","3.14","#Forward","false","15.7694","false","31.28","16274848490","13.9","163.0","45.0","true","3.14","#Forward","false","11.676","false","31.28","Match"
"16274848610","18.9035","124.0","45.0","true","3.14","#Forward","false","10.9336","false","31.28","16274848610","13.9","127.0","45.0","true","3.14","#Forward","false","8.34","false","31.28"," ","16274848500","18.902","157.0","45.0","true","3.14","#Forward","false","15.3679","false","31.28","16274848500","13.9","160.0","45.0","true","3.14","#Forward","false","11.398","false","31.28","Match"
"16274848620","18.898","121.0","45.0","true","3.14","#Forward","false","10.5379","false","31.28","16274848620","13.9","124.0","45.0","true","3.14","#Forward","false","8.062","false","31.28"," ","16274848510","18.8988","154.0","45.0","true","3.14","#Forward","false","14.9695","false","31.28","16274848510","13.9","157.0","45.0","true","3.14","#Forward","false","11.12","false","31.28","Match"
"16274848630","18.903","118.0","45.0","true","3.14","#Forward","false","10.1303","false","31.28","16274848630","13.9","121.0","45.0","true","3.14","#Forward","false","7.784","false","31.28"," ","16274848520","18.8953","151.0","45.0","true","3.14","#Forward","false","14.5663","false","31.28","16274848520","13.9","154.0","45.0","true","3.14","#Forward","false","10.842","false","31.28","Match"
"16274848640","18.9019","115.0","45.0","true","3.14","#Forward","false","9.7315","false","31.28","16274848640","13.9","118.0","45.0","true","3.14","#Forward","false","7.506","false","31.28"," ","16274848530","18.9007","148.0","45.0","true","3.14","#Forward","false","14.1635","false","31.28","16274848530","13.9","151.0","45.0","true","3.14","#Forward","false","10.564","false","31.28","Match"
"16274848650","18.8991","112.0","45.0","true","3.14","#Forward","false","9.3264","false","31.28","16274848650","13.9","115.0","45.0","true","3.14","#Forward","false","7.228","false","31.28"," ","16274848540","18.9026","145.0","45.0","true","3.14","#Forward","false","13.758","false","31.28","16274848540","13.9","148.0","45.0","true","3.14","#Forward","false","10.286","false","31.28","Match"
"16274848660","18.8965","109.0","45.0","true","3.14","#Forward","false","8.9266","false","31.28","16274848660","13.9","112.0","45.0","true","3.14","#Forward","false","6.95","false","31.28"," ","16274848550","18.8982","142.0","45.0","true","3.14","#Forward","false","13.3589","false","31.28","16274848550","13.9","145.0","45.0","true","3.14","#Forward","false","10.008","false","31.28","Match"
"16274848670","18.9018","106.0","45.0","true","3.14","#Forward","false","8.766","false","31.28","16274848670","13.9","109.0","45.0","true","3.14","#Forward","false","6.672","false","31.28"," ","16274848560","18.904","139.0","45.0","true","3.14","#Forward","false","12.9553","false","31.28","16274848560","13.9","142.0","45.0","true","3.14","#Forward","false","9.73","false","31.28","Match"
"16274848680","18.897","103.0","45.0","true","3.14","#Forward","false","8.6129","false","31.28","16274848680","13.9","106.0","45.0","true","3.14","#Forward","false","6.394","false","31.28"," ","16274848570","18.8972","136.0","45.0","true","3.14","#Forward","false","12.5494","false","31.28","16274848570","13.9","139.0","45.0","true","3.14","#Forward","false","9.452","false","31.28","Match"
"16274848690","18.9033","100.0","45.0","true","3.14","#Forward","false","8.4614","false","31.28","16274848690","13.9","103.0","45.0","true","3.14","#Forward","false","6.116","false","31.28"," ","16274848580","18.8956","133.0","45.0","true","3.14","#Forward","false","12.1433","false","31.28","16274848580","13.9","136.0","45.0","true","3.14","#Forward","false","9.174","false","31.28","Match"
"16274848700","18.9011","97.0","45.0","true","3.14","#Forward","false","8.3075","false","31.28","16274848700","13.9","100.0","45.0","true","3.14","#Forward","false","5.838","false","31.28"," ","16274848590","18.8976","130.0","45.0","true","3.14","#Forward","false","11.7477","false","31.28","16274848590","13.9","133.0","45.0","true","3.14","#Forward","false","8.896","false","31.28","Match"
"16274848710","18.9048","94.0","45.0","true","3.14","#Forward","false","8.1577","false","31.28","16274848710","13.9","97.0","45.0","true","3.14","#Forward","false","5.56","false","31.28"," ","16274848600","18.9017","127.0","45.0","true","3.14","#Forward","false","11.3437","false","31.28","16274848600","13.9","130.0","45.0","true","3.14","#Forward","false","8.618","false","31.28","Match"
"16274848720","18.9006","91.0","45.0","true","3.14","#Forward","false","8.0077","false","31.28","16274848720","13.9","94.0","45.0","true","3.14","#Forward","false","5.282","false","31.28"," ","16274848610","18.9035","124.0","45.0","true","3.14","#Forward","false","10.9336","false","31.28","16274848610","13.9","127.0","45.0","true","3.14","#Forward","false","8.34","false","31.28","Match"
"16274848730","18.8991","88.0","45.0","true","3.14","#Forward","false","7.8499","false","31.28","16274848730","13.9","91.0","45.0","true","3.14","#Forward","false","5.004","false","31.28"," ","16274848620","18.898","121.0","45.0","true","3.14","#Forward","false","10.5379","false","31.28","16274848620","13.9","124.0","45.0","true","3.14","#Forward","false","8.062","false","31.28","Match"
"16274848740","18.8983","85.0","45.0","true","3.14","#Forward","false","7.7003","false","31.28","16274848740","13.9","88.0","45.0","true","3.14","#Forward","false","4.726","false","31.28"," ","16274848630","18.903","118.0","45.0","true","3.14","#Forward","false","10.1303","false","31.28","16274848630","13.9","121.0","45.0","true","3.14","#Forward","false","7.784","false","31.28","Match"
"16274848750","18.8965","82.0","45.0","true","3.14","#Forward","false","7.5418","false","31.28","16274848750","13.9","85.0","45.0","true","3.14","#Forward","false","4.448","false","31.28"," ","16274848640","18.9019","115.0","45.0","true","3.14","#Forward","false","9.7315","false","31.28","16274848640","13.9","118.0","45.0","true","3.14","#Forward","false","7.506","false","31.28","Match"
"16274848760","18.904","79.0","45.0","true","3.14","#Forward","false","7.3876","false","31.28","16274848760","13.9","82.0","45.0","true","3.14","#Forward","false","4.17","false","31.28"," ","16274848650","18.8991","112.0","45.0","true","3.14","#Forward","false","9.3264","false","31.28","16274848650","13.9","115.0","45.0","true","3.14","#Forward","false","7.228","false","31.28","Match"
"16274848770","18.9042","76.0","45.0","true","3.14","#Forward","false","7.2361","false","31.28","16274848770","13.9","79.0","45.0","true","3.14","#Forward","false","3.892","false","31.28"," ","16274848660","18.8965","109.0","45.0","true","3.14","#Forward","false","8.9266","false","31.28","16274848660","13.9","112.0","45.0","true","3.14","#Forward","false","6.95","false","31.28","Match"
"16274848780","18.897","73.0","45.0","true","3.14","#Forward","false","7.0894","false","31.28","16274848780","13.9","76.0","45.0","true","3.14","#Forward","false","3.614","false","31.28"," ","16274848670","18.9018","106.0","45.0","true","3.14","#Forward","false","8.766","false","31.28","16274848670","13.9","109.0","45.0","true","3.14","#Forward","false","6.672","false","31.28","Match"
"16274848790","18.897","70.0","45.0","true","3.14","#Forward","false","6.9321","false","31.28","16274848790","13.9","73.0","45.0","true","3.14","#Forward","false","3.336","false","31.28"," ","16274848680","18.897","103.0","45.0","true","3.14","#Forward","false","8.6129","false","31.28","16274848680","13.9","106.0","45.0","true","3.14","#Forward","false","6.394","false","31.28","Match"
"16274848800","18.9026","67.0","45.0","true","3.14","#Forward","false","6.7805","false","31.28","16274848800","13.9","70.0","45.0","true","3.14","#Forward","false","3.058","false","31.28"," ","16274848690","18.9033","100.0","45.0","true","3.14","#Forward","false","8.4614","false","31.28","16274848690","13.9","103.0","45.0","true","3.14","#Forward","false","6.116","false","31.28","Match"
"16274848810","18.8982","64.0","45.0","true","3.14","#Forward","false","6.6318","false","31.28","16274848810","13.9","67.0","45.0","true","3.14","#Forward","false","2.78","false","31.28"," ","16274848700","18.9011","97.0","45.0","true","3.14","#Forward","false","8.3075","false","31.28","16274848700","13.9","100.0","45.0","true","3.14","#Forward","false","5.838","false","31.28","Match"
"16274848820","18.8979","61.0","45.0","true","3.14","#Forward","false","6.4758","false","31.28","16274848820","13.9","64.0","45.0","true","3.14","#Forward","false","2.502","false","31.28"," ","16274848710","18.9048","94.0","45.0","true","3.14","#Forward","false","8.1577","false","31.28","16274848710","13.9","97.0","45.0","true","3.14","#Forward","false","5.56","false","31.28","Match"
"16274848830","18.9026","58.0","45.0","true","3.14","#Forward","false","6.3166","false","31.28","16274848830","13.9","61.0","45.0","true","3.14","#Forward","false","2.224","false","31.28"," ","16274848720","18.9006","91.0","45.0","true","3.14","#Forward","false","8.0077","false","31.28","16274848720","13.9","94.0","45.0","true","3.14","#Forward","false","5.282","false","31.28","Match"
"16274848840","18.8987","55.0","45.0","true","3.14","#Forward","false","6.1672","false","31.28","16274848840","13.9","58.0","45.0","true","3.14","#Forward","false","1.946","false","31.28"," ","16274848730","18.8991","88.0","45.0","true","3.14","#Forward","false","7.8499","false","31.28","16274848730","13.9","91.0","45.0","true","3.14","#Forward","false","5.004","false","31.28","Match"
"16274848850","18.9027","52.0","45.0","true","3.14","#Forward","false","6.0156","false","31.28","16274848850","13.9","55.0","45.0","true","3.14","#Forward","false","1.668","false","31.28"," ","16274848740","18.8983","85.0","45.0","true","3.14","#Forward","false","7.7003","false","31.28","16274848740","13.9","88.0","45.0","true","3.14","#Forward","false","4.726","false","31.28","Match"
"16274848860","18.898","49.0","45.0","true","3.14","#Forward","false","5.8615","false","31.28","16274848860","13.9","52.0","45.0","true","3.14","#Forward","false","1.39","false","31.28"," ","16274848750","18.8965","82.0","45.0","true","3.14","#Forward","false","7.5418","false","31.28","16274848750","13.9","85.0","45.0","true","3.14","#Forward","false","4.448","false","31.28","Match"
"16274848870","18.9045","46.0","45.0","true","3.14","#Forward","false","5.7056","false","31.28","16274848870","13.9","49.0","45.0","true","3.14","#Forward","false","1.112","false","31.28"," ","16274848760","18.904","79.0","45.0","true","3.14","#Forward","false","7.3876","false","31.28","16274848760","13.9","82.0","45.0","true","3.14","#Forward","false","4.17","false","31.28","Match"
"16274848880","18.9","43.0","45.0","true","3.14","#Forward","false","5.5557","false","31.28","16274848880","13.9","46.0","45.0","true","3.14","#Forward","false","0.834","FALSE4.71","31.28"," ","16274848770","18.9042","76.0","45.0","true","3.14","#Forward","false","7.2361","false","31.28","16274848770","13.9","79.0","45.0","true","3.14","#Forward","false","3.892","false","31.28","Match"
"16274848890","18.9008","40.0","45.0","true","3.14","#Forward","false","5.4032","false","31.28","16274848890","13.9","43.0","45.0","true","3.14","#Forward","false","0.556","false","31.28"," ","16274848780","18.897","73.0","45.0","true","3.14","#Forward","false","7.0894","false","31.28","16274848780","13.9","76.0","45.0","true","3.14","#Forward","false","3.614","false","31.28","Match"
"16274848900","18.9037","37.0","45.0","true","3.14","#Forward","false","5.2541","false","31.28","16274848900","13.9","40.0","45.0","true","3.14","#Forward","false","0.278","false","31.28"," ","16274848790","18.897","70.0","45.0","true","3.14","#Forward","false","6.9321","false","31.28","16274848790","13.9","73.0","45.0","true","3.14","#Forward","false","3.336","false","31.28","Match"
"16274848910","18.9017","37.0","45.0","false","3.14","#Rotate","false","4.9982","false","31.28","16274848910","13.9","40.0","45.0","false","3.14","#Rotate","false","0.0","false","31.28"," ","16274848800","18.9026","67.0","45.0","true","3.14","#Forward","false","6.7805","false","31.28","16274848800","13.9","70.0","45.0","true","3.14","#Forward","false","3.058","false","31.28","Match"
"16274848920","18.9017","37.0","45.0","false","3.66","#Rotate","false","4.9982","false","31.28","16274848920","13.9","40.0","45.0","false","3.66","#Rotate","false","0.0","false","31.28"," ","16274848810","18.8982","64.0","45.0","true","3.14","#Forward","false","6.6318","false","31.28","16274848810","13.9","67.0","45.0","true","3.14","#Forward","false","2.78","false","31.28","Match"
"16274848930","18.9017","37.0","45.0","false","4.18","#Rotate","false","4.9982","false","31.28","16274848930","13.9","40.0","45.0","false","4.18","#Rotate","false","0.0","false","31.28"," ","16274848820","18.8979","61.0","45.0","true","3.14","#Forward","false","6.4758","false","31.28","16274848820","13.9","64.0","45.0","true","3.14","#Forward","false","2.502","false","31.28","Match"
"16274848940","18.9985","37.0","45.0","false","4.71","#Forward","false","4.9982","false","31.28","16274848940","13.9","40.0","45.0","false","4.71","#Forward","false","0.0","false","31.28"," ","16274848830","18.9026","58.0","45.0","true","3.14","#Forward","false","6.3166","false","31.28","16274848830","13.9","61.0","45.0","true","3.14","#Forward","false","2.224","false","31.28","Match"
"16274848950","18.5948","37.0","45.0","true","4.71","#Forward","false","4.9999","false","31.28","16274848950","13.622","40.0","45.0","true","4.71","#Forward","false","0.0","false","31.28"," ","16274848840","18.8987","55.0","45.0","true","3.14","#Forward","false","6.1672","false","31.28","16274848840","13.9","58.0","45.0","true","3.14","#Forward","false","1.946","false","31.28","Match"
"16274848960","18.1915","37.0","45.0","true","4.71","#Forward","false","4.996","false","31.28","16274848960","13.344","40.0","45.0","true","4.71","#Forward","false","0.0","false","31.28"," ","16274848850","18.9027","52.0","45.0","true","3.14","#Forward","false","6.0156","false","31.28","16274848850","13.9","55.0","45.0","true","3.14","#Forward","false","1.668","false","31.28","Match"
"16274848970","17.7834","37.0","45.0","true","4.71","#Forward","false","4.9978","false","31.28","16274848970","13.066","40.0","45.0","true","4.71","#Forward","false","0.0","false","31.28"," ","16274848860","18.898","49.0","45.0","true","3.14","#Forward","false","5.8615","false","31.28","16274848860","13.9","52.0","45.0","true","3.14","#Forward","false","1.39","false","31.28","Match"
"16274848980","17.3846","37.0","45.0","true","4.71","#Forward","false","4.9987","false","31.28","16274848980","12.788","40.0","45.0","true","4.71","#Forward","false","0.0","false","31.28"," ","16274848870","18.9045","46.0","45.0","true","3.14","#Forward","false","5.7056","false","31.28","16274848870","13.9","49.0","45.0","true","3.14","#Forward","false","1.112","false","31.28","Match"
"16274848990","16.9853","37.0","45.0","true","4.71","#Forward","false","5.0041","false","31.28","16274848990","12.51","40.0","45.0","true","4.71","#Forward","false","0.0","false","31.28"," ","-","-","-","-","-","-","-","-","-","-","-","16274848880","13.9","46.0","45.0","true","3.14","#Forward","false","0.834","FALSE4.71","31.28","Insertion"
"16274849000","16.5787","37.0","45.0","true","4.71","#Forward","false","5.0025","false","31.28","16274849000","12.232","40.0","45.0","true","4.71","#Forward","false","0.0","false","31.28"," ","16274848880","18.9","43.0","45.0","true","3.14","#Forward","false","5.5557","false","31.28","-","-","-","-","-","-","-","-","-","-","-","Deletion"
"16274849010","16.1808","37.0","45.0","true","4.71","#Forward","false","4.9995","false","31.28","16274849010","11.954","40.0","45.0","true","4.71","#Forward","false","0.0","false","31.28"," ","16274848890","18.9008","40.0","45.0","true","3.14","#Forward","false","5.4032","false","31.28","-","-","-","-","-","-","-","-","-","-","-","Deletion"
"16274849020","15.7694","37.0","45.0","true","4.71","#Forward","false","5.0028","false","31.28","16274849020","11.676","40.0","45.0","true","4.71","#Forward","false","0.0","false","31.28"," ","-","-","-","-","-","-","-","-","-","-","-","16274848890","13.9","43.0","45.0","true","3.14","#Forward","false","0.556","false","31.28","Insertion"
"16274849030","15.3679","37.0","45.0","true","4.71","#Forward","false","5.0016","false","31.28","16274849030","11.398","40.0","45.0","true","4.71","#Forward","false","0.0","false","31.28"," ","16274848900","18.9037","37.0","45.0","true","3.14","#Forward","false","5.2541","false","31.28","16274848900","13.9","40.0","45.0","true","3.14","#Forward","false","0.278","false","31.28","Match"
"16274849040","14.9695","37.0","45.0","true","4.71","#Forward","false","5.001","false","31.28","16274849040","11.12","40.0","45.0","true","4.71","#Forward","false","0.0","false","31.28"," ","16274848910","18.9017","37.0","45.0","false","3.14","#Rotate","false","4.9982","false","31.28","16274848910","13.9","40.0","45.0","false","3.14","#Rotate","false","0.0","false","31.28","Match"
"16274849050","14.5663","37.0","45.0","true","4.71","#Forward","false","5.0045","false","31.28","16274849050","10.842","40.0","45.0","true","4.71","#Forward","false","0.0","false","31.28"," ","16274848920","18.9017","37.0","45.0","false","3.66","#Rotate","false","4.9982","false","31.28","16274848920","13.9","40.0","45.0","false","3.66","#Rotate","false","0.0","false","31.28","Match"
"16274849060","14.1635","37.0","45.0","true","4.71","#Forward","false","4.9998","false","31.28","16274849060","10.564","40.0","45.0","true","4.71","#Forward","false","0.0","false","31.28"," ","16274848930","18.9017","37.0","45.0","false","4.18","#Rotate","false","4.9982","false","31.28","16274848930","13.9","40.0","45.0","false","4.18","#Rotate","false","0.0","false","31.28","Match"
"16274849070","13.758","37.0","45.0","true","4.71","#Forward","false","4.9973","false","31.28","16274849070","10.286","40.0","45.0","true","4.71","#Forward","false","0.0","false","31.28"," ","16274848940","18.9985","37.0","45.0","false","4.71","#Forward","false","4.9982","false","31.28","16274848940","13.9","40.0","45.0","false","4.71","#Forward","false","0.0","false","31.28","Match"
"16274849080","13.3589","37.0","45.0","true","4.71","#Forward","false","5.0047","false","31.28","16274849080","10.008","40.0","45.0","true","4.71","#Forward","false","0.0","false","31.28"," ","16274848950","18.5948","37.0","45.0","true","4.71","#Forward","false","4.9999","false","31.28","16274848950","13.622","40.0","45.0","true","4.71","#Forward","false","0.0","false","31.28","Match"
"16274849090","12.9553","37.0","45.0","true","4.71","#Forward","false","4.9959","false","31.28","16274849090","9.73","40.0","45.0","true","4.71","#Forward","false","0.0","false","31.28"," ","16274848960","18.1915","37.0","45.0","true","4.71","#Forward","false","4.996","false","31.28","16274848960","13.344","40.0","45.0","true","4.71","#Forward","false","0.0","false","31.28","Match"
"16274849100","12.5494","37.0","45.0","true","4.71","#Forward","false","4.9978","false","31.28","16274849100","9.452","40.0","45.0","true","4.71","#Forward","false","0.0","false","31.28"," ","16274848970","17.7834","37.0","45.0","true","4.71","#Forward","false","4.9978","false","31.28","16274848970","13.066","40.0","45.0","true","4.71","#Forward","false","0.0","false","31.28","Match"
"16274849110","12.1433","37.0","45.0","true","4.71","#Forward","false","4.9962","false","31.28","16274849110","9.174","40.0","45.0","true","4.71","#Forward","false","0.0","false","31.28"," ","16274848980","17.3846","37.0","45.0","true","4.71","#Forward","false","4.9987","false","31.28","16274848980","12.788","40.0","45.0","true","4.71","#Forward","false","0.0","false","31.28","Match"
"16274849120","11.7477","37.0","45.0","true","4.71","#Forward","false","5.0017","false","31.28","16274849120","8.896","40.0","45.0","true","4.71","#Forward","false","0.0","false","31.28"," ","16274848990","16.9853","37.0","45.0","true","4.71","#Forward","false","5.0041","false","31.28","16274848990","12.51","40.0","45.0","true","4.71","#Forward","false","0.0","false","31.28","Match"
"16274849130","11.3437","37.0","45.0","true","4.71","#Forward","false","5.0027","false","31.28","16274849130","8.618","40.0","45.0","true","4.71","#Forward","false","0.0","false","31.28"," ","16274849000","16.5787","37.0","45.0","true","4.71","#Forward","false","5.0025","false","31.28","16274849000","12.232","40.0","45.0","true","4.71","#Forward","false","0.0","false","31.28","Match"
"16274849140","10.9336","37.0","45.0","true","4.71","#Forward","false","4.9963","false","31.28","16274849140","8.34","40.0","45.0","true","4.71","#Forward","false","0.0","false","31.28"," ","16274849010","16.1808","37.0","45.0","true","4.71","#Forward","false","4.9995","false","31.28","16274849010","11.954","40.0","45.0","true","4.71","#Forward","false","0.0","false","31.28","Match"
"16274849150","10.5379","37.0","45.0","true","4.71","#Forward","false","5.0011","false","31.28","16274849150","8.062","40.0","45.0","true","4.71","#Forward","false","0.0","false","31.28"," ","16274849020","15.7694","37.0","45.0","true","4.71","#Forward","false","5.0028","false","31.28","16274849020","11.676","40.0","45.0","true","4.71","#Forward","false","0.0","false","31.28","Match"
"16274849160","10.1303","37.0","45.0","true","4.71","#Forward","false","5.0048","false","31.28","16274849160","7.784","40.0","45.0","true","4.71","#Forward","false","0.0","false","31.28"," ","16274849030","15.3679","37.0","45.0","true","4.71","#Forward","false","5.0016","false","31.28","16274849030","11.398","40.0","45.0","true","4.71","#Forward","false","0.0","false","31.28","Match"
"16274849170","9.7315","37.0","45.0","true","4.71","#Forward","false","4.9966","false","31.28","16274849170","7.506","40.0","45.0","true","4.71","#Forward","false","0.0","false","31.28"," ","16274849040","14.9695","37.0","45.0","true","4.71","#Forward","false","5.001","false","31.28","16274849040","11.12","40.0","45.0","true","4.71","#Forward","false","0.0","false","31.28","Match"
"16274849180","9.3264","37.0","45.0","true","4.71","#Forward","false","4.9961","false","31.28","16274849180","7.228","40.0","45.0","true","4.71","#Forward","false","0.0","false","31.28"," ","16274849050","14.5663","37.0","45.0","true","4.71","#Forward","false","5.0045","false","31.28","16274849050","10.842","40.0","45.0","true","4.71","#Forward","false","0.0","false","31.28","Match"
"16274849190","8.9266","37.0","45.0","true","4.71","#Forward","false","4.9982","false","31.28","16274849190","6.95","40.0","45.0","true","4.71","#Forward","false","0.0","false","31.28"," ","16274849060","14.1635","37.0","45.0","true","4.71","#Forward","false","4.9998","false","31.28","16274849060","10.564","40.0","45.0","true","4.71","#Forward","false","0.0","false","31.28","Match"
"16274849200","8.766","37.0","45.0","true","4.71","#Forward","false","4.9966","false","31.28","16274849200","6.672","40.0","45.0","true","4.71","#Forward","false","0.0","false","31.28"," ","16274849070","13.758","37.0","45.0","true","4.71","#Forward","false","4.9973","false","31.28","16274849070","10.286","40.0","45.0","true","4.71","#Forward","false","0.0","false","31.28","Match"
"16274849210","8.6129","37.0","45.0","true","4.71","#Forward","false","5.0026","false","31.28","16274849210","6.394","40.0","45.0","true","4.71","#Forward","false","0.0","false","31.28"," ","16274849080","13.3589","37.0","45.0","true","4.71","#Forward","false","5.0047","false","31.28","16274849080","10.008","40.0","45.0","true","4.71","#Forward","false","0.0","false","31.28","Match"
"16274849220","8.4614","37.0","45.0","true","4.71","#Forward","false","5.0025","false","31.28","16274849220","6.116","40.0","45.0","true","4.71","#Forward","false","0.0","false","31.28"," ","16274849090","12.9553","37.0","45.0","true","4.71","#Forward","false","4.9959","false","31.28","16274849090","9.73","40.0","45.0","true","4.71","#Forward","false","0.0","false","31.28","Match"
"16274849230","8.3075","37.0","45.0","true","4.71","#Forward","false","5.0012","false","31.28","16274849230","5.838","40.0","45.0","true","4.71","#Forward","false","0.0","false","31.28"," ","16274849100","12.5494","37.0","45.0","true","4.71","#Forward","false","4.9978","false","31.28","16274849100","9.452","40.0","45.0","true","4.71","#Forward","false","0.0","false","31.28","Match"
"16274849240","8.1577","37.0","45.0","true","4.71","#Forward","false","4.9955","false","31.28","16274849240","5.56","40.0","45.0","true","4.71","#Forward","false","0.0","false","31.28"," ","16274849110","12.1433","37.0","45.0","true","4.71","#Forward","false","4.9962","false","31.28","16274849110","9.174","40.0","45.0","true","4.71","#Forward","false","0.0","false","31.28","Match"
"16274849250","8.0077","37.0","45.0","true","4.71","#Forward","false","5.0005","false","31.28","16274849250","5.282","40.0","45.0","true","4.71","#Forward","false","0.0","false","31.28"," ","16274849120","11.7477","37.0","45.0","true","4.71","#Forward","false","5.0017","false","31.28","16274849120","8.896","40.0","45.0","true","4.71","#Forward","false","0.0","false","31.28","Match"
"16274849260","7.8499","37.0","45.0","true","4.71","#Forward","false","4.9995","false","31.28","16274849260","5.004","40.0","45.0","true","4.71","#Forward","false","0.0","false","31.28"," ","16274849130","11.3437","37.0","45.0","true","4.71","#Forward","false","5.0027","false","31.28","16274849130","8.618","40.0","45.0","true","4.71","#Forward","false","0.0","false","31.28","Match"
"16274849270","7.7003","37.0","45.0","true","4.71","#Forward","false","5.0006","false","31.28","16274849270","4.726","40.0","45.0","true","4.71","#Forward","false","0.0","false","31.28"," ","16274849140","10.9336","37.0","45.0","true","4.71","#Forward","false","4.9963","false","31.28","16274849140","8.34","40.0","45.0","true","4.71","#Forward","false","0.0","false","31.28","Match"
"16274849280","7.5418","37.0","45.0","true","4.71","#Forward","false","5.0039","false","31.28","16274849280","4.448","40.0","45.0","true","4.71","#Forward","false","0.0","false","31.28"," ","16274849150","10.5379","37.0","45.0","true","4.71","#Forward","false","5.0011","false","31.28","16274849150","8.062","40.0","45.0","true","4.71","#Forward","false","0.0","false","31.28","Match"
"16274849290","7.3876","37.0","45.0","true","4.71","#Forward","false","5.0045","false","31.28","16274849290","4.17","40.0","45.0","true","4.71","#Forward","false","0.0","false","31.28"," ","16274849160","10.1303","37.0","45.0","true","4.71","#Forward","false","5.0048","false","31.28","16274849160","7.784","40.0","45.0","true","4.71","#Forward","false","0.0","false","31.28","Match"
"16274849300","7.2361","37.0","45.0","true","4.71","#Forward","false","4.9958","false","31.28","16274849300","3.892","40.0","45.0","true","4.71","#Forward","false","0.0","false","31.28"," ","16274849170","9.7315","37.0","45.0","true","4.71","#Forward","false","4.9966","false","31.28","16274849170","7.506","40.0","45.0","true","4.71","#Forward","false","0.0","false","31.28","Match"
"16274849310","7.0894","37.0","45.0","true","4.71","#Forward","false","4.9972","false","31.28","16274849310","3.614","40.0","45.0","true","4.71","#Forward","false","0.0","false","31.28"," ","16274849180","9.3264","37.0","45.0","true","4.71","#Forward","false","4.9961","false","31.28","16274849180","7.228","40.0","45.0","true","4.71","#Forward","false","0.0","false","31.28","Match"
"16274849320","6.9321","37.0","45.0","true","4.71","#Forward","false","4.9958","false","31.28","16274849320","3.336","40.0","45.0","true","4.71","#Forward","false","0.0","false","31.28"," ","16274849190","8.9266","37.0","45.0","true","4.71","#Forward","false","4.9982","false","31.28","16274849190","6.95","40.0","45.0","true","4.71","#Forward","false","0.0","false","31.28","Match"
"16274849330","6.7805","37.0","45.0","true","4.71","#Forward","false","5.0034","false","31.28","16274849330","3.058","40.0","45.0","true","4.71","#Forward","false","0.0","false","31.28"," ","16274849200","8.766","37.0","45.0","true","4.71","#Forward","false","4.9966","false","31.28","16274849200","6.672","40.0","45.0","true","4.71","#Forward","false","0.0","false","31.28","Match"
"16274849340","6.6318","37.0","45.0","true","4.71","#Forward","false","4.9974","false","31.28","16274849340","2.78","40.0","45.0","true","4.71","#Forward","false","0.0","false","31.28"," ","16274849210","8.6129","37.0","45.0","true","4.71","#Forward","false","5.0026","false","31.28","16274849210","6.394","40.0","45.0","true","4.71","#Forward","false","0.0","false","31.28","Match"
"16274849350","6.4758","37.0","45.0","true","4.71","#Forward","false","5.0019","false","31.28","16274849350","2.502","40.0","45.0","true","4.71","#Forward","false","0.0","false","31.28"," ","16274849220","8.4614","37.0","45.0","true","4.71","#Forward","false","5.0025","false","31.28","16274849220","6.116","40.0","45.0","true","4.71","#Forward","false","0.0","false","31.28","Match"
"16274849360","6.3166","37.0","45.0","true","4.71","#Forward","false","5.0049","false","31.28","16274849360","2.224","40.0","45.0","true","4.71","#Forward","false","0.0","false","31.28"," ","16274849230","8.3075","37.0","45.0","true","4.71","#Forward","false","5.0012","false","31.28","16274849230","5.838","40.0","45.0","true","4.71","#Forward","false","0.0","false","31.28","Match"
"16274849370","6.1672","37.0","45.0","true","4.71","#Forward","false","4.9954","false","31.28","16274849370","1.946","40.0","45.0","true","4.71","#Forward","false","0.0","false","31.28"," ","16274849240","8.1577","37.0","45.0","true","4.71","#Forward","false","4.9955","false","31.28","16274849240","5.56","40.0","45.0","true","4.71","#Forward","false","0.0","false","31.28","Match"
"16274849380","6.0156","37.0","45.0","true","4.71","#Forward","false","4.9959","false","31.28","16274849380","1.668","40.0","45.0","true","4.71","#Forward","false","0.0","false","31.28"," ","16274849250","8.0077","37.0","45.0","true","4.71","#Forward","false","5.0005","false","31.28","16274849250","5.282","40.0","45.0","true","4.71","#Forward","false","0.0","false","31.28","Match"
"16274849390","5.8615","37.0","45.0","true","4.71","#Forward","false","5.004","false","31.28","16274849390","1.39","40.0","45.0","true","4.71","#Forward","false","0.0","false","31.28"," ","16274849260","7.8499","37.0","45.0","true","4.71","#Forward","false","4.9995","false","31.28","16274849260","5.004","40.0","45.0","true","4.71","#Forward","false","0.0","false","31.28","Match"
"16274849400","5.7056","37.0","45.0","true","4.71","#Forward","false","4.9978","false","31.28","16274849400","1.112","40.0","45.0","true","4.71","#Forward","false","0.0","false","31.28"," ","16274849270","7.7003","37.0","45.0","true","4.71","#Forward","false","5.0006","false","31.28","16274849270","4.726","40.0","45.0","true","4.71","#Forward","false","0.0","false","31.28","Match"
"16274849410","5.5557","37.0","45.0","true","4.71","#Forward","false","4.999","false","31.28","16274849410","0.834","40.0","45.0","true","4.71","#Forward","false","0.0","false","31.28"," ","16274849280","7.5418","37.0","45.0","true","4.71","#Forward","false","5.0039","false","31.28","16274849280","4.448","40.0","45.0","true","4.71","#Forward","false","0.0","false","31.28","Match"
"16274849420","5.4032","37.0","45.0","true","4.71","#Forward","false","4.9975","false","31.28","16274849420","0.556","40.0","45.0","true","4.71","#Forward","false","0.0","false","31.28"," ","16274849290","7.3876","37.0","45.0","true","4.71","#Forward","false","5.0045","false","31.28","16274849290","4.17","40.0","45.0","true","4.71","#Forward","false","0.0","false","31.28","Match"
"16274849430","5.2541","37.0","45.0","true","4.71","#Forward","false","5.0045","false","31.28","16274849430","0.278","40.0","45.0","true","4.71","#Forward","false","0.0","false","31.28"," ","16274849300","7.2361","37.0","45.0","true","4.71","#Forward","false","4.9958","false","31.28","16274849300","3.892","40.0","45.0","true","4.71","#Forward","false","0.0","false","31.28","Match"
"16274849440","5.0036","37.0","45.0","true","4.71","#Rotate","false","4.9999","false","31.28","16274849440","0.0","40.0","45.0","true","4.71","#Rotate","false","0.0","false","31.28"," ","16274849310","7.0894","37.0","45.0","true","4.71","#Forward","false","4.9972","false","31.28","16274849310","3.614","40.0","45.0","true","4.71","#Forward","false","0.0","false","31.28","Match"
"16274849450","5.0036","37.0","45.0","false","5.23","#Rotate","false","4.9999","false","31.28","16274849450","0.0","40.0","45.0","false","5.23","#Rotate","false","0.0","false","31.28"," ","16274849320","6.9321","37.0","45.0","true","4.71","#Forward","false","4.9958","false","31.28","16274849320","3.336","40.0","45.0","true","4.71","#Forward","false","0.0","false","31.28","Match"
"16274849460","5.0036","37.0","45.0","false","5.75","#Rotate","false","4.9999","false","31.28","16274849460","0.0","40.0","45.0","false","5.75","#Rotate","false","0.0","false","31.28"," ","16274849330","6.7805","37.0","45.0","true","4.71","#Forward","false","5.0034","false","31.28","16274849330","3.058","40.0","45.0","true","4.71","#Forward","false","0.0","false","31.28","Match"
" "," "," "," "," "," "," "," "," "," "," "," "," "," "," "," "," "," "," "," "," "," "," ","16274849340","6.6318","37.0","45.0","true","4.71","#Forward","false","4.9974","false","31.28","16274849340","2.78","40.0","45.0","true","4.71","#Forward","false","0.0","false","31.28","Match"
" "," "," "," "," "," "," "," "," "," "," "," "," "," "," "," "," "," "," "," "," "," "," ","16274849350","6.4758","37.0","45.0","true","4.71","#Forward","false","5.0019","false","31.28","16274849350","2.502","40.0","45.0","true","4.71","#Forward","false","0.0","false","31.28","Match"
" "," "," "," "," "," "," "," "," "," "," "," "," "," "," "," "," "," "," "," "," "," "," ","16274849360","6.3166","37.0","45.0","true","4.71","#Forward","false","5.0049","false","31.28","16274849360","2.224","40.0","45.0","true","4.71","#Forward","false","0.0","false","31.28","Match"
" "," "," "," "," "," "," "," "," "," "," "," "," "," "," "," "," "," "," "," "," "," "," ","16274849370","6.1672","37.0","45.0","true","4.71","#Forward","false","4.9954","false","31.28","16274849370","1.946","40.0","45.0","true","4.71","#Forward","false","0.0","false","31.28","Match"
" "," "," "," "," "," "," "," "," "," "," "," "," "," "," "," "," "," "," "," "," "," "," ","16274849380","6.0156","37.0","45.0","true","4.71","#Forward","false","4.9959","false","31.28","16274849380","1.668","40.0","45.0","true","4.71","#Forward","false","0.0","false","31.28","Match"
" "," "," "," "," "," "," "," "," "," "," "," "," "," "," "," "," "," "," "," "," "," "," ","16274849390","5.8615","37.0","45.0","true","4.71","#Forward","false","5.004","false","31.28","16274849390","1.39","40.0","45.0","true","4.71","#Forward","false","0.0","false","31.28","Match"
" "," "," "," "," "," "," "," "," "," "," "," "," "," "," "," "," "," "," "," "," "," "," ","16274849400","5.7056","37.0","45.0","true","4.71","#Forward","false","4.9978","false","31.28","16274849400","1.112","40.0","45.0","true","4.71","#Forward","false","0.0","false","31.28","Match"
" "," "," "," "," "," "," "," "," "," "," "," "," "," "," "," "," "," "," "," "," "," "," ","16274849410","5.5557","37.0","45.0","true","4.71","#Forward","false","4.999","false","31.28","16274849410","0.834","40.0","45.0","true","4.71","#Forward","false","0.0","false","31.28","Match"
" "," "," "," "," "," "," "," "," "," "," "," "," "," "," "," "," "," "," "," "," "," "," ","16274849420","5.4032","37.0","45.0","true","4.71","#Forward","false","4.9975","false","31.28","16274849420","0.556","40.0","45.0","true","4.71","#Forward","false","0.0","false","31.28","Match"
" "," "," "," "," "," "," "," "," "," "," "," "," "," "," "," "," "," "," "," "," "," "," ","16274849430","5.2541","37.0","45.0","true","4.71","#Forward","false","5.0045","false","31.28","16274849430","0.278","40.0","45.0","true","4.71","#Forward","false","0.0","false","31.28","Match"
" "," "," "," "," "," "," "," "," "," "," "," "," "," "," "," "," "," "," "," "," "," "," ","16274849440","5.0036","37.0","45.0","true","4.71","#Rotate","false","4.9999","false","31.28","16274849440","0.0","40.0","45.0","true","4.71","#Rotate","false","0.0","false","31.28","Match"
" "," "," "," "," "," "," "," "," "," "," "," "," "," "," "," "," "," "," "," "," "," "," ","16274849450","5.0036","37.0","45.0","false","5.23","#Rotate","false","4.9999","false","31.28","16274849450","0.0","40.0","45.0","false","5.23","#Rotate","false","0.0","false","31.28","Match"
" "," "," "," "," "," "," "," "," "," "," "," "," "," "," "," "," "," "," "," "," "," "," ","16274849460","5.0036","37.0","45.0","false","5.75","#Rotate","false","4.9999","false","31.28","16274849460","0.0","40.0","45.0","false","5.75","#Rotate","false","0.0","false","31.28","Match"
